dataset,k,dimension,trajectoryNumber,heightnew,nodecounts,leafnodes,depthmean,depthsd,radiusmean,radiussd,pointsmean,pointssd,disfathermean,disfathersd,height,leafnode,radiusMean,radiusSD,fastest,Unnamed: 9,Unnamed: 10,Unnamed: 11,Unnamed: 12,Unnamed: 13,Unnamed: 14,Unnamed: 15,Unnamed: 16,Unnamed: 17,Unnamed: 18,Unnamed: 19,Unnamed: 20,Unnamed: 21,Unnamed: 22,slowest
Bigcross,10,57,1162000,1.6666666,4.73292599,1.5777,1.1698,0.1415,0.020292134,0.007258226,0.6339,0.275,0.0136,0.0092,1.6666666,1.5843,0.02029533,0.00732616,13,14,7,9,10,3,4,15,8,2,12,1,11,0,6,5
Bigcross,100,57,1162000,1.6666666,4.73292599,1.5777,1.1698,0.1415,0.020292134,0.007258226,0.6339,0.275,0.0136,0.0092,1.6666666,1.5843,0.02029533,0.00732616,14,10,9,7,8,12,2,3,4,11,1,6,15,13,0,5
Bigcross,1000,57,1162000,1.6666666,4.73292599,1.5777,1.1698,0.1415,0.020292134,0.007258226,0.6339,0.275,0.0136,0.0092,1.6666666,1.5843,0.02029533,0.00732616,14,10,9,7,8,12,2,4,11,1,6,3,13,0,15,5
Bigcross,10,10,1000,2.0,4.53,1.53,1.3373,0.3486,0.062839208,0.023070092,0.6536,0.2072,0.0318,0.0168,2.0,1.56,0.06267736,0.02315712,3,2,0,6,1,7,10,9,11,4,8,12,13,14,5,15
Bigcross,100,10,1000,2.0,4.53,1.53,1.3373,0.3486,0.062839208,0.023070092,0.6536,0.2072,0.0318,0.0168,2.0,1.56,0.06267736,0.02315712,6,14,7,3,8,9,2,13,0,4,15,10,1,11,12,5
Bigcross,1000,10,1000,2.0,4.53,1.53,1.3373,0.3486,0.062839208,0.023070092,0.6536,0.2072,0.0318,0.0168,2.0,1.56,0.06267736,0.02315712,6,10,7,8,9,14,15,13,5,0,4,2,1,3,12,11
Bigcross,10,10,10000,1.75,4.782,1.5959999999999999,1.2477,0.209,0.049228361,0.020897759,0.6266,0.2317,0.0266,0.0188,1.75,1.5659999999999998,0.0496353,0.02054328,0,14,3,1,2,11,10,9,7,4,8,6,13,12,15,5
Bigcross,100,10,10000,1.75,4.782,1.5959999999999999,1.2477,0.209,0.049228361,0.020897759,0.6266,0.2317,0.0266,0.0188,1.75,1.5659999999999998,0.0496353,0.02054328,14,7,10,9,8,6,3,2,12,13,0,11,4,1,15,5
Bigcross,1000,10,10000,1.75,4.782,1.5959999999999999,1.2477,0.209,0.049228361,0.020897759,0.6266,0.2317,0.0266,0.0188,1.75,1.5659999999999998,0.0496353,0.02054328,14,7,9,8,6,10,13,2,0,4,12,1,15,11,3,5
Bigcross,10,10,100000,1.6363636000000001,4.6542,1.5516,1.2324,0.154,0.027266653,0.009204637,0.6445,0.2174,0.0136,0.0079,1.6363636000000001,1.5426,0.02724081,0.00897551,3,14,2,0,10,13,1,7,11,9,4,8,6,15,12,5
Bigcross,100,10,100000,1.6363636000000001,4.6542,1.5516,1.2324,0.154,0.027266653,0.009204637,0.6445,0.2174,0.0136,0.0079,1.6363636000000001,1.5426,0.02724081,0.00897551,7,14,10,9,8,6,3,12,2,13,0,4,11,15,1,5
Bigcross,1000,10,100000,1.6363636000000001,4.6542,1.5516,1.2324,0.154,0.027266653,0.009204637,0.6445,0.2174,0.0136,0.0079,1.6363636000000001,1.5426,0.02724081,0.00897551,7,14,10,9,8,6,12,13,2,0,4,1,11,15,3,5
Bigcross,10,10,1000000,1.6,4.59849,1.5328,1.1375,0.1179,0.01856563,0.005548561,0.6524,0.2556,0.0096,0.0056,1.5333333,1.5262,0.01863884,0.00554861,3,2,14,13,0,1,7,10,11,4,9,8,15,12,6,5
Bigcross,100,10,1000000,1.6,4.59849,1.5328,1.1375,0.1179,0.01856563,0.005548561,0.6524,0.2556,0.0096,0.0056,1.5333333,1.5262,0.01863884,0.00554861,7,10,14,9,8,6,3,12,2,0,13,4,11,1,15,5
Bigcross,1000,10,1000000,1.6,4.59849,1.5328,1.1375,0.1179,0.01856563,0.005548561,0.6524,0.2556,0.0096,0.0056,1.5333333,1.5262,0.01863884,0.00554861,10,7,14,9,8,6,12,0,13,2,4,11,1,15,3,5
Bigcross,10,20,1000,2.0,4.17,1.41,1.383,0.4284,0.105108726,0.063511663,0.7092,0.4096,0.0667,0.0513,2.0,1.44,0.10370627,0.06446579,2,3,7,9,0,10,6,1,4,11,8,12,14,13,5,15
Bigcross,100,20,1000,2.0,4.17,1.41,1.383,0.4284,0.105108726,0.063511663,0.7092,0.4096,0.0667,0.0513,2.0,1.44,0.10370627,0.06446579,14,7,9,8,6,3,13,2,15,4,1,12,0,11,10,5
Bigcross,1000,20,1000,2.0,4.17,1.41,1.383,0.4284,0.105108726,0.063511663,0.7092,0.4096,0.0667,0.0513,2.0,1.44,0.10370627,0.06446579,6,13,7,8,9,10,15,14,5,2,4,0,3,1,12,11
Bigcross,10,20,10000,1.625,4.611000000000001,1.5390000000000001,1.2108,0.1747,0.070700515,0.029260051000000002,0.6498,0.2134,0.0392,0.0237,1.625,1.575,0.07067907,0.02966207,14,3,2,1,7,0,10,9,11,4,8,13,6,12,15,5
Bigcross,100,20,10000,1.625,4.611000000000001,1.5390000000000001,1.2108,0.1747,0.070700515,0.029260051000000002,0.6498,0.2134,0.0392,0.0237,1.625,1.575,0.07067907,0.02966207,7,14,9,10,8,2,6,3,12,11,4,1,13,0,15,5
Bigcross,1000,20,10000,1.625,4.611000000000001,1.5390000000000001,1.2108,0.1747,0.070700515,0.029260051000000002,0.6498,0.2134,0.0392,0.0237,1.625,1.575,0.07067907,0.02966207,14,7,9,8,10,2,6,13,4,12,1,0,15,11,3,5
Bigcross,10,20,100000,1.7272726999999999,4.6389,1.5465,1.2266,0.1644,0.041406806000000004,0.010780091,0.6466,0.2294,0.0211,0.0106,1.7272726999999999,1.5399,0.04159334,0.0109711,14,13,3,7,2,10,9,11,8,1,4,12,15,0,6,5
Bigcross,100,20,100000,1.7272726999999999,4.6389,1.5465,1.2266,0.1644,0.041406806000000004,0.010780091,0.6466,0.2294,0.0211,0.0106,1.7272726999999999,1.5399,0.04159334,0.0109711,7,10,9,14,8,3,12,2,6,11,13,4,1,0,15,5
Bigcross,1000,20,100000,1.7272726999999999,4.6389,1.5465,1.2266,0.1644,0.041406806000000004,0.010780091,0.6466,0.2294,0.0211,0.0106,1.7272726999999999,1.5399,0.04159334,0.0109711,7,14,10,9,8,12,2,6,13,1,0,4,11,15,3,5
Bigcross,10,20,1000000,1.6666666,4.59516,1.5317,1.1441,0.1348,0.022058535,0.007567287,0.6529,0.3182,0.0143,0.0096,1.6,1.5324,0.02205995,0.00752663,13,14,2,3,7,1,10,9,4,0,15,11,8,12,6,5
Bigcross,100,20,1000000,1.6666666,4.59516,1.5317,1.1441,0.1348,0.022058535,0.007567287,0.6529,0.3182,0.0143,0.0096,1.6,1.5324,0.02205995,0.00752663,14,7,10,9,8,3,12,2,6,13,11,4,15,0,1,5
Bigcross,1000,20,1000000,1.6666666,4.59516,1.5317,1.1441,0.1348,0.022058535,0.007567287,0.6529,0.3182,0.0143,0.0096,1.6,1.5324,0.02205995,0.00752663,10,14,7,9,8,12,2,6,0,13,1,4,11,15,3,5
Bigcross,10,30,1000,2.0,4.53,1.53,1.3569,0.3722,0.099063265,0.060093079,0.6536,0.2485,0.0616,0.055,2.2,1.38,0.10581058,0.06536331,2,7,3,1,4,14,8,0,6,10,9,11,12,13,5,15
Bigcross,100,30,1000,2.0,4.53,1.53,1.3569,0.3722,0.099063265,0.060093079,0.6536,0.2485,0.0616,0.055,2.2,1.38,0.10581058,0.06536331,14,7,9,8,3,2,6,1,4,13,0,15,11,12,10,5
Bigcross,1000,30,1000,2.0,4.53,1.53,1.3569,0.3722,0.099063265,0.060093079,0.6536,0.2485,0.0616,0.055,2.2,1.38,0.10581058,0.06536331,6,10,13,15,14,7,9,8,2,5,0,4,1,3,12,11
Bigcross,10,30,10000,1.75,4.7010000000000005,1.569,1.2299,0.1851,0.06911972799999999,0.027858101,0.6373,0.2157,0.04,0.0282,1.625,1.578,0.06975626,0.02834367,2,3,14,1,4,11,10,9,7,8,0,13,12,6,15,5
Bigcross,100,30,10000,1.75,4.7010000000000005,1.569,1.2299,0.1851,0.06911972799999999,0.027858101,0.6373,0.2157,0.04,0.0282,1.625,1.578,0.06975626,0.02834367,7,14,9,8,10,3,2,12,6,11,4,1,13,0,15,5
Bigcross,1000,30,10000,1.75,4.7010000000000005,1.569,1.2299,0.1851,0.06911972799999999,0.027858101,0.6373,0.2157,0.04,0.0282,1.625,1.578,0.06975626,0.02834367,9,7,14,10,8,2,4,6,1,12,0,13,11,3,15,5
Bigcross,10,30,100000,1.7272726999999999,4.6767,1.5591,1.2433,0.17300000000000001,0.041437584,0.01098436,0.6414,0.2362,0.0214,0.0115,1.7272726999999999,1.5438,0.04171234,0.0111416,14,3,2,9,10,11,13,1,4,7,12,15,8,6,0,5
Bigcross,100,30,100000,1.7272726999999999,4.6767,1.5591,1.2433,0.17300000000000001,0.041437584,0.01098436,0.6414,0.2362,0.0214,0.0115,1.7272726999999999,1.5438,0.04171234,0.0111416,7,10,14,9,8,3,12,2,6,11,4,1,13,0,15,5
Bigcross,1000,30,100000,1.7272726999999999,4.6767,1.5591,1.2433,0.17300000000000001,0.041437584,0.01098436,0.6414,0.2362,0.0214,0.0115,1.7272726999999999,1.5438,0.04171234,0.0111416,14,7,10,9,8,12,2,4,1,6,11,0,13,15,3,5
Bigcross,10,30,1000000,1.5333333,4.619190000000001,1.5397,1.1409,0.1329,0.021999223,0.007520625,0.6495,0.3073,0.0142,0.0095,1.6,1.5288,0.02197425,0.00751893,14,13,2,3,15,10,4,7,11,1,8,9,12,0,6,5
Bigcross,100,30,1000000,1.5333333,4.619190000000001,1.5397,1.1409,0.1329,0.021999223,0.007520625,0.6495,0.3073,0.0142,0.0095,1.6,1.5288,0.02197425,0.00751893,10,7,14,8,9,3,2,12,4,6,11,1,13,0,15,5
Bigcross,1000,30,1000000,1.5333333,4.619190000000001,1.5397,1.1409,0.1329,0.021999223,0.007520625,0.6495,0.3073,0.0142,0.0095,1.6,1.5288,0.02197425,0.00751893,7,10,14,9,8,12,2,6,4,1,11,13,0,15,3,5
Bigcross,10,40,1000,2.2,4.17,1.41,1.4128,0.4729,0.10781151,0.0632355,0.7092,0.3124,0.0646,0.0508,2.4,1.53,0.10283036,0.06262387,2,14,4,1,3,7,9,10,8,11,6,12,0,13,15,5
Bigcross,100,40,1000,2.2,4.17,1.41,1.4128,0.4729,0.10781151,0.0632355,0.7092,0.3124,0.0646,0.0508,2.4,1.53,0.10283036,0.06262387,7,14,9,3,8,2,6,4,1,13,0,11,15,10,12,5
Bigcross,1000,40,1000,2.2,4.17,1.41,1.4128,0.4729,0.10781151,0.0632355,0.7092,0.3124,0.0646,0.0508,2.4,1.53,0.10283036,0.06262387,6,10,13,9,7,8,14,15,2,5,4,1,0,3,12,11
Bigcross,10,40,10000,1.625,4.629,1.545,1.2141,0.1729,0.070032946,0.029470998999999998,0.6472,0.2293,0.04,0.0272,1.625,1.5419999999999998,0.07050363,0.02950749,14,1,8,7,2,3,13,11,9,4,10,0,15,6,12,5
Bigcross,100,40,10000,1.625,4.629,1.545,1.2141,0.1729,0.070032946,0.029470998999999998,0.6472,0.2293,0.04,0.0272,1.625,1.5419999999999998,0.07050363,0.02950749,7,8,14,9,3,2,10,12,4,1,6,11,13,0,15,5
Bigcross,1000,40,10000,1.625,4.629,1.545,1.2141,0.1729,0.070032946,0.029470998999999998,0.6472,0.2293,0.04,0.0272,1.625,1.5419999999999998,0.07050363,0.02950749,14,9,7,8,10,2,1,4,6,12,13,11,0,3,15,5
Bigcross,10,40,100000,1.7272726999999999,4.6047,1.5351,1.2383,0.1763,0.04166947,0.011200392,0.6514,0.2351,0.0211,0.0104,1.7272726999999999,1.5558,0.04158127,0.01124628,14,10,2,11,4,1,3,13,7,12,9,8,0,15,6,5
Bigcross,100,40,100000,1.7272726999999999,4.6047,1.5351,1.2383,0.1763,0.04166947,0.011200392,0.6514,0.2351,0.0211,0.0104,1.7272726999999999,1.5558,0.04158127,0.01124628,7,14,10,9,8,3,2,12,11,6,4,1,13,15,0,5
Bigcross,1000,40,100000,1.7272726999999999,4.6047,1.5351,1.2383,0.1763,0.04166947,0.011200392,0.6514,0.2351,0.0211,0.0104,1.7272726999999999,1.5558,0.04158127,0.01124628,7,10,9,14,8,12,2,4,1,11,6,0,13,3,15,5
Bigcross,10,40,1000000,1.6666666,4.5620400000000005,1.5207,1.1461,0.1365,0.02213043,0.007598559,0.6576,0.3312,0.0142,0.0095,1.6,1.545,0.02196363,0.00750795,14,2,13,7,10,15,4,8,9,11,3,1,12,0,6,5
Bigcross,100,40,1000000,1.6666666,4.5620400000000005,1.5207,1.1461,0.1365,0.02213043,0.007598559,0.6576,0.3312,0.0142,0.0095,1.6,1.545,0.02196363,0.00750795,10,14,7,9,8,3,12,2,4,11,6,1,13,0,15,5
Bigcross,1000,40,1000000,1.6666666,4.5620400000000005,1.5207,1.1461,0.1365,0.02213043,0.007598559,0.6576,0.3312,0.0142,0.0095,1.6,1.545,0.02196363,0.00750795,14,10,7,9,8,12,2,11,4,1,6,13,0,15,3,5
Bigcross,10,50,1000,2.2,4.44,1.5,1.42,0.4512,0.101950156,0.063790187,0.6667,0.3108,0.0599,0.0501,2.0,1.59,0.09669828,0.06311997,14,2,11,3,4,7,10,9,1,12,8,6,0,13,15,5
Bigcross,100,50,1000,2.2,4.44,1.5,1.42,0.4512,0.101950156,0.063790187,0.6667,0.3108,0.0599,0.0501,2.0,1.59,0.09669828,0.06311997,14,7,8,9,3,2,4,6,1,11,13,15,12,0,10,5
Bigcross,1000,50,1000,2.2,4.44,1.5,1.42,0.4512,0.101950156,0.063790187,0.6667,0.3108,0.0599,0.0501,2.0,1.59,0.09669828,0.06311997,6,7,10,8,13,15,14,9,4,2,5,3,1,0,11,12
Bigcross,10,50,10000,1.625,4.656000000000001,1.554,1.2155,0.1747,0.070149494,0.029953257,0.6435,0.222,0.0401,0.0282,1.625,1.59,0.06965248,0.02895734,14,2,4,7,10,9,1,11,3,8,13,15,12,6,0,5
Bigcross,100,50,10000,1.625,4.656000000000001,1.554,1.2155,0.1747,0.070149494,0.029953257,0.6435,0.222,0.0401,0.0282,1.625,1.59,0.06965248,0.02895734,14,7,9,8,10,3,2,4,12,11,1,6,13,0,15,5
Bigcross,1000,50,10000,1.625,4.656000000000001,1.554,1.2155,0.1747,0.070149494,0.029953257,0.6435,0.222,0.0401,0.0282,1.625,1.59,0.06965248,0.02895734,14,9,7,8,10,2,4,1,6,12,13,3,11,0,15,5
Bigcross,10,50,100000,1.7272726999999999,4.6614,1.554,1.2236,0.1574,0.041525849,0.011047491000000001,0.6435,0.2275,0.0212,0.011000000000000001,1.7272726999999999,1.5414,0.0415141,0.01093769,14,9,10,7,11,4,8,2,1,12,13,3,15,6,0,5
Bigcross,100,50,100000,1.7272726999999999,4.6614,1.554,1.2236,0.1574,0.041525849,0.011047491000000001,0.6435,0.2275,0.0212,0.011000000000000001,1.7272726999999999,1.5414,0.0415141,0.01093769,7,10,14,9,8,3,12,2,4,11,1,6,13,0,15,5
Bigcross,1000,50,100000,1.7272726999999999,4.6614,1.554,1.2236,0.1574,0.041525849,0.011047491000000001,0.6435,0.2275,0.0212,0.011000000000000001,1.7272726999999999,1.5414,0.0415141,0.01093769,10,7,9,14,8,2,12,4,1,11,6,3,13,0,15,5
Bigcross,10,50,1000000,1.6,4.58328,1.5278,1.1462,0.1358,0.022111151000000002,0.007550823000000001,0.6545,0.3228,0.0142,0.0095,1.6,1.5401,0.02196602,0.00755029,14,2,13,15,4,3,9,7,10,11,8,1,12,0,6,5
Bigcross,100,50,1000000,1.6,4.58328,1.5278,1.1462,0.1358,0.022111151000000002,0.007550823000000001,0.6545,0.3228,0.0142,0.0095,1.6,1.5401,0.02196602,0.00755029,14,7,10,9,8,12,3,2,4,11,1,6,13,0,15,5
Bigcross,1000,50,1000000,1.6,4.58328,1.5278,1.1462,0.1358,0.022111151000000002,0.007550823000000001,0.6545,0.3228,0.0142,0.0095,1.6,1.5401,0.02196602,0.00755029,14,10,7,9,12,8,2,11,1,4,13,6,15,0,3,5
conf,10,3,164860,1.9166666,4.246876137,1.4157,1.2912,0.1797,0.02449491,0.020213389,0.7063,0.3823,0.0143,0.0176,1.75,1.4247,0.02446504,0.02002285,7,6,13,3,10,9,0,14,12,15,1,8,11,5,4,2
conf,100,3,164860,1.9166666,4.246876137,1.4157,1.2912,0.1797,0.02449491,0.020213389,0.7063,0.3823,0.0143,0.0176,1.75,1.4247,0.02446504,0.02002285,10,9,14,8,6,12,13,7,2,3,0,15,4,11,1,5
conf,1000,3,164860,1.9166666,4.246876137,1.4157,1.2912,0.1797,0.02449491,0.020213389,0.7063,0.3823,0.0143,0.0176,1.75,1.4247,0.02446504,0.02002285,10,14,9,7,8,6,13,12,0,2,15,11,4,1,3,5
conf,10,2,1000,2.0,5.25,1.77,1.4508,0.3427,0.044076052000000004,0.033692779,0.565,0.3077,0.0601,0.1284,2.0,1.56,0.0493486,0.04027191,14,10,9,11,12,6,3,5,8,0,2,7,1,4,13,15
conf,100,2,1000,2.0,5.25,1.77,1.4508,0.3427,0.044076052000000004,0.033692779,0.565,0.3077,0.0601,0.1284,2.0,1.56,0.0493486,0.04027191,14,7,9,8,6,2,3,10,13,4,0,11,15,12,1,5
conf,1000,2,1000,2.0,5.25,1.77,1.4508,0.3427,0.044076052000000004,0.033692779,0.565,0.3077,0.0601,0.1284,2.0,1.56,0.0493486,0.04027191,6,15,7,14,10,8,9,5,0,4,2,13,1,3,12,11
conf,10,2,10000,2.0,4.629,1.545,1.3481,0.2636,0.025417382999999998,0.028109502,0.6472,0.2584,0.0193,0.0291,2.0,1.527,0.02664467,0.02773826,13,3,6,14,15,2,1,4,7,11,12,10,5,9,8,0
conf,100,2,10000,2.0,4.629,1.545,1.3481,0.2636,0.025417382999999998,0.028109502,0.6472,0.2584,0.0193,0.0291,2.0,1.527,0.02664467,0.02773826,6,14,7,10,9,8,13,12,3,2,0,11,15,1,4,5
conf,1000,2,10000,2.0,4.629,1.545,1.3481,0.2636,0.025417382999999998,0.028109502,0.6472,0.2584,0.0193,0.0291,2.0,1.527,0.02664467,0.02773826,6,14,7,9,10,8,2,13,0,4,12,1,15,11,5,3
conf,10,2,100000,1.8181819,4.4778,1.4928,1.2835,0.1501,0.009337799999999999,0.011987305,0.6699,0.2079,0.0065,0.0111,1.6363636000000001,1.4751,0.00942129,0.01120599,13,15,14,6,7,10,11,9,8,2,3,0,1,4,12,5
conf,100,2,100000,1.8181819,4.4778,1.4928,1.2835,0.1501,0.009337799999999999,0.011987305,0.6699,0.2079,0.0065,0.0111,1.6363636000000001,1.4751,0.00942129,0.01120599,14,7,10,6,9,13,8,12,2,15,3,0,11,4,1,5
conf,1000,2,100000,1.8181819,4.4778,1.4928,1.2835,0.1501,0.009337799999999999,0.011987305,0.6699,0.2079,0.0065,0.0111,1.6363636000000001,1.4751,0.00942129,0.01120599,14,7,10,9,6,8,12,13,2,0,4,11,1,15,3,5
covtype,10,2,1000,1.4,4.44,1.5,1.196,0.1897,0.044250639,0.020116961000000003,0.6667,0.1867,0.0276,0.0163,1.4,1.56,0.0421,0.0185,8,10,9,11,7,12,14,13,3,4,2,0,6,1,5,15
covtype,100,2,1000,1.4,4.44,1.5,1.196,0.1897,0.044250639,0.020116961000000003,0.6667,0.1867,0.0276,0.0163,1.4,1.56,0.0421,0.0185,6,3,14,7,8,9,5,2,10,12,0,13,4,15,1,11
covtype,1000,2,1000,1.4,4.44,1.5,1.196,0.1897,0.044250639,0.020116961000000003,0.6667,0.1867,0.0276,0.0163,1.4,1.56,0.0421,0.0185,14,15,10,6,5,13,9,3,0,8,7,11,12,2,4,1
covtype,10,2,5000,1.5714285,4.434,1.482,1.2088,0.1699,0.025780462999999997,0.011966678,0.6748,0.2038,0.0163,0.0091,1.5714285,1.5,0.0256,0.0113,2,1,8,6,11,7,9,12,10,4,3,13,14,0,5,15
covtype,100,2,5000,1.5714285,4.434,1.482,1.2088,0.1699,0.025780462999999997,0.011966678,0.6748,0.2038,0.0163,0.0091,1.5714285,1.5,0.0256,0.0113,9,8,6,7,10,3,13,12,11,14,5,0,2,1,4,15
covtype,1000,2,5000,1.5714285,4.434,1.482,1.2088,0.1699,0.025780462999999997,0.011966678,0.6748,0.2038,0.0163,0.0091,1.5714285,1.5,0.0256,0.0113,6,7,9,14,8,10,13,2,4,15,0,12,5,11,3,1
covtype,10,2,10000,1.5,4.422,1.476,1.1845,0.1496,0.017775948,0.008383943,0.6775,0.1881,0.0121,0.0075,1.5,1.515,0.0175,0.0087,13,0,3,2,7,1,11,8,4,6,9,10,15,14,12,5
covtype,100,2,10000,1.5,4.422,1.476,1.1845,0.1496,0.017775948,0.008383943,0.6775,0.1881,0.0121,0.0075,1.5,1.515,0.0175,0.0087,6,14,7,10,9,8,13,3,12,0,11,2,15,4,1,5
covtype,1000,2,10000,1.5,4.422,1.476,1.1845,0.1496,0.017775948,0.008383943,0.6775,0.1881,0.0121,0.0075,1.5,1.515,0.0175,0.0087,14,7,6,10,9,8,13,2,12,0,15,4,11,1,5,3
covtype,10,2,50000,1.7,4.6704,1.47,1.2504,0.1653,0.004806981,0.006425168,0.6803,0.2956,0.005,0.0057,1.7,1.4856,0.0047,0.0062,13,15,14,7,10,11,9,8,2,3,1,12,4,0,6,5
covtype,100,2,50000,1.7,4.6704,1.47,1.2504,0.1653,0.004806981,0.006425168,0.6803,0.2956,0.005,0.0057,1.7,1.4856,0.0047,0.0062,14,13,7,10,9,8,6,15,12,2,3,0,11,4,1,5
covtype,1000,2,50000,1.7,4.6704,1.47,1.2504,0.1653,0.004806981,0.006425168,0.6803,0.2956,0.005,0.0057,1.7,1.4856,0.0047,0.0062,7,10,9,8,14,6,12,2,0,4,1,11,13,15,3,5
covtype,10,2,100000,1.6363636000000001,4.7025,1.2111,1.2302,0.1677,0.002390852,0.004637693,0.8257,0.5391,0.0036,0.0042,1.6363636000000001,1.2069,0.0024,0.0052,13,15,14,2,3,1,0,10,11,4,7,9,8,12,6,5
covtype,100,2,100000,1.6363636000000001,4.7025,1.2111,1.2302,0.1677,0.002390852,0.004637693,0.8257,0.5391,0.0036,0.0042,1.6363636000000001,1.2069,0.0024,0.0052,14,13,15,10,7,9,8,6,12,2,3,0,11,4,1,5
covtype,1000,2,100000,1.6363636000000001,4.7025,1.2111,1.2302,0.1677,0.002390852,0.004637693,0.8257,0.5391,0.0036,0.0042,1.6363636000000001,1.2069,0.0024,0.0052,14,7,10,9,8,6,12,0,2,13,15,4,1,11,3,5
covtype,10,2,500000,1.4285715,3.9892199999999995,0.5613,1.1571,0.1642,0.000826,0.0033044909999999997,1.7816,1.578,0.0017,0.0037,1.4285715,0.561,0.0008,0.0034,13,15,14,2,3,10,7,1,11,4,9,0,8,12,6,5
covtype,100,2,500000,1.4285715,3.9892199999999995,0.5613,1.1571,0.1642,0.000826,0.0033044909999999997,1.7816,1.578,0.0017,0.0037,1.4285715,0.561,0.0008,0.0034,14,13,15,7,10,9,8,6,12,2,3,0,4,11,1,5
covtype,1000,2,500000,1.4285715,3.9892199999999995,0.5613,1.1571,0.1642,0.000826,0.0033044909999999997,1.7816,1.578,0.0017,0.0037,1.4285715,0.561,0.0008,0.0034,14,13,15,7,10,9,8,6,12,0,2,4,11,1,3,5
covtype,10,10,1000,1.8,4.89,1.65,1.2145,0.1939,0.148006892,0.050451824000000006,0.6061,0.2235,0.0959,0.0481,1.8,1.65,0.1475,0.0552,3,14,2,0,7,6,1,10,11,8,4,9,12,13,5,15
covtype,100,10,1000,1.8,4.89,1.65,1.2145,0.1939,0.148006892,0.050451824000000006,0.6061,0.2235,0.0959,0.0481,1.8,1.65,0.1475,0.0552,14,9,7,6,8,3,10,2,13,0,4,15,1,11,12,5
covtype,1000,10,1000,1.8,4.89,1.65,1.2145,0.1939,0.148006892,0.050451824000000006,0.6061,0.2235,0.0959,0.0481,1.8,1.65,0.1475,0.0552,6,13,10,7,14,15,8,9,5,2,0,4,1,3,12,11
covtype,10,10,5000,2.0,4.524,1.5119999999999998,1.4144,0.3546,0.055699467,0.030725865,0.6614,0.2947,0.0306,0.0261,1.8571428,1.5719999999999998,0.0536,0.0297,3,14,2,0,1,7,8,11,10,6,4,9,13,12,15,5
covtype,100,10,5000,2.0,4.524,1.5119999999999998,1.4144,0.3546,0.055699467,0.030725865,0.6614,0.2947,0.0306,0.0261,1.8571428,1.5719999999999998,0.0536,0.0297,14,7,9,10,8,6,3,2,12,0,13,15,4,1,11,5
covtype,1000,10,5000,2.0,4.524,1.5119999999999998,1.4144,0.3546,0.055699467,0.030725865,0.6614,0.2947,0.0306,0.0261,1.8571428,1.5719999999999998,0.0536,0.0297,14,7,9,8,6,10,2,13,0,15,1,4,12,3,11,5
covtype,10,10,10000,2.125,4.575,1.527,1.3558,0.2892,0.047246018,0.023230565,0.6549,0.2304,0.0258,0.0212,1.875,1.518,0.048,0.0225,14,0,3,10,4,9,7,11,8,1,13,6,12,2,15,5
covtype,100,10,10000,2.125,4.575,1.527,1.3558,0.2892,0.047246018,0.023230565,0.6549,0.2304,0.0258,0.0212,1.875,1.518,0.048,0.0225,7,14,10,9,8,6,3,2,12,0,13,4,11,1,15,5
covtype,1000,10,10000,2.125,4.575,1.527,1.3558,0.2892,0.047246018,0.023230565,0.6549,0.2304,0.0258,0.0212,1.875,1.518,0.048,0.0225,14,7,9,8,10,6,13,2,12,0,15,4,1,11,3,5
covtype,10,10,50000,1.6,4.8174,1.6062,1.2344,0.1577,0.037528202000000004,0.017866574,0.6226,0.2329,0.0231,0.0161,1.7,1.614,0.0373,0.0185,13,14,15,2,3,11,10,7,9,8,1,0,12,4,6,5
covtype,100,10,50000,1.6,4.8174,1.6062,1.2344,0.1577,0.037528202000000004,0.017866574,0.6226,0.2329,0.0231,0.0161,1.7,1.614,0.0373,0.0185,7,14,10,9,8,6,12,3,2,13,0,4,11,1,15,5
covtype,1000,10,50000,1.6,4.8174,1.6062,1.2344,0.1577,0.037528202000000004,0.017866574,0.6226,0.2329,0.0231,0.0161,1.7,1.614,0.0373,0.0185,10,9,14,7,8,6,12,2,0,13,4,1,11,15,3,5
covtype,10,10,100000,1.6363636000000001,4.7892,1.5966,1.2086,0.1388,0.032153416000000004,0.01366512,0.6263,0.2333,0.0195,0.013000000000000001,1.6363636000000001,1.6068,0.0321,0.0137,13,14,3,2,15,7,10,11,4,1,9,0,8,12,6,5
covtype,100,10,100000,1.6363636000000001,4.7892,1.5966,1.2086,0.1388,0.032153416000000004,0.01366512,0.6263,0.2333,0.0195,0.013000000000000001,1.6363636000000001,1.6068,0.0321,0.0137,7,10,14,9,8,6,3,12,2,13,0,4,11,15,1,5
covtype,1000,10,100000,1.6363636000000001,4.7892,1.5966,1.2086,0.1388,0.032153416000000004,0.01366512,0.6263,0.2333,0.0195,0.013000000000000001,1.6363636000000001,1.6068,0.0321,0.0137,10,9,7,14,8,6,12,2,0,13,4,1,11,15,3,5
covtype,10,10,500000,1.5714285,4.44696,1.4824,1.1463,0.14400000000000002,0.021194047999999997,0.007182661,0.6746,0.3273,0.0119,0.008,1.6428572,1.4980000000000002,0.0212,0.0073,13,14,3,2,15,0,1,7,11,4,10,9,8,12,6,5
covtype,100,10,500000,1.5714285,4.44696,1.4824,1.1463,0.14400000000000002,0.021194047999999997,0.007182661,0.6746,0.3273,0.0119,0.008,1.6428572,1.4980000000000002,0.0212,0.0073,10,14,7,9,8,3,12,6,2,13,0,15,11,4,1,5
covtype,1000,10,500000,1.5714285,4.44696,1.4824,1.1463,0.14400000000000002,0.021194047999999997,0.007182661,0.6746,0.3273,0.0119,0.008,1.6428572,1.4980000000000002,0.0212,0.0073,7,10,14,9,8,6,12,2,13,0,4,1,15,11,3,5
covtype,10,20,1000,1.6,4.62,1.56,1.1923,0.1838,0.148243773,0.042919738,0.6409999999999999,0.218,0.0883,0.047,1.8,1.53,0.146,0.0485,2,3,7,10,4,6,1,8,9,11,14,12,0,13,15,5
covtype,100,20,1000,1.6,4.62,1.56,1.1923,0.1838,0.148243773,0.042919738,0.6409999999999999,0.218,0.0883,0.047,1.8,1.53,0.146,0.0485,14,7,9,8,3,6,2,13,15,4,1,11,12,0,10,5
covtype,1000,20,1000,1.6,4.62,1.56,1.1923,0.1838,0.148243773,0.042919738,0.6409999999999999,0.218,0.0883,0.047,1.8,1.53,0.146,0.0485,6,10,7,14,15,13,9,8,5,4,2,0,3,1,12,11
covtype,10,20,5000,2.142857,4.506,1.506,1.4132,0.3546,0.05373866099999999,0.029888692,0.664,0.302,0.0311,0.0258,2.142857,1.452,0.0569,0.0308,3,7,4,1,10,2,9,8,14,6,11,0,12,13,15,5
covtype,100,20,5000,2.142857,4.506,1.506,1.4132,0.3546,0.05373866099999999,0.029888692,0.664,0.302,0.0311,0.0258,2.142857,1.452,0.0569,0.0308,7,9,8,14,10,3,2,6,12,4,1,0,11,13,15,5
covtype,1000,20,5000,2.142857,4.506,1.506,1.4132,0.3546,0.05373866099999999,0.029888692,0.664,0.302,0.0311,0.0258,2.142857,1.452,0.0569,0.0308,14,9,7,8,6,10,13,2,12,1,15,4,0,11,3,5
covtype,10,20,10000,1.875,4.647,1.551,1.3489,0.2753,0.047427468,0.023887328,0.6447,0.2288,0.0261,0.0208,1.75,1.554,0.0471,0.0229,14,3,2,10,9,11,7,4,8,1,13,12,0,15,6,5
covtype,100,20,10000,1.875,4.647,1.551,1.3489,0.2753,0.047427468,0.023887328,0.6447,0.2288,0.0261,0.0208,1.75,1.554,0.0471,0.0229,14,7,9,8,10,3,6,2,12,1,0,4,11,13,15,5
covtype,1000,20,10000,1.875,4.647,1.551,1.3489,0.2753,0.047427468,0.023887328,0.6447,0.2288,0.0261,0.0208,1.75,1.554,0.0471,0.0229,7,14,9,8,10,2,6,4,1,12,0,13,3,11,15,5
covtype,10,20,50000,1.7,4.7832,1.5948,1.2309,0.1554,0.037465146,0.018403198,0.627,0.233,0.023,0.0166,1.6,1.5930000000000002,0.0373,0.0183,13,14,3,7,11,10,9,4,8,15,2,1,12,6,0,5
covtype,100,20,50000,1.7,4.7832,1.5948,1.2309,0.1554,0.037465146,0.018403198,0.627,0.233,0.023,0.0166,1.6,1.5930000000000002,0.0373,0.0183,7,14,10,9,8,12,3,6,2,11,4,13,1,0,15,5
covtype,1000,20,50000,1.7,4.7832,1.5948,1.2309,0.1554,0.037465146,0.018403198,0.627,0.233,0.023,0.0166,1.6,1.5930000000000002,0.0373,0.0183,14,7,10,9,8,12,2,6,4,11,13,1,0,15,3,5
covtype,10,20,100000,1.6363636000000001,4.8243,1.6083,1.208,0.1361,0.031901985,0.013514993000000001,0.6218,0.23199999999999998,0.0196,0.0131,1.6363636000000001,1.6152,0.0318,0.0133,13,14,9,10,2,11,3,15,8,7,1,4,12,0,6,5
covtype,100,20,100000,1.6363636000000001,4.8243,1.6083,1.208,0.1361,0.031901985,0.013514993000000001,0.6218,0.23199999999999998,0.0196,0.0131,1.6363636000000001,1.6152,0.0318,0.0133,7,14,10,9,8,3,12,2,6,4,11,13,1,0,15,5
covtype,1000,20,100000,1.6363636000000001,4.8243,1.6083,1.208,0.1361,0.031901985,0.013514993000000001,0.6218,0.23199999999999998,0.0196,0.0131,1.6363636000000001,1.6152,0.0318,0.0133,7,14,9,10,8,12,2,6,4,1,11,0,13,15,3,5
covtype,10,20,500000,1.6428572,4.47486,1.4917,1.1462,0.1433,0.021153526000000002,0.007061541,0.6704,0.3135,0.0119,0.0077,1.5714285,1.5009,0.0212,0.0072,14,13,3,2,15,1,9,4,10,11,7,8,12,0,6,5
covtype,100,20,500000,1.6428572,4.47486,1.4917,1.1462,0.1433,0.021153526000000002,0.007061541,0.6704,0.3135,0.0119,0.0077,1.5714285,1.5009,0.0212,0.0072,7,9,10,14,8,3,12,2,6,4,1,13,11,0,15,5
covtype,1000,20,500000,1.6428572,4.47486,1.4917,1.1462,0.1433,0.021153526000000002,0.007061541,0.6704,0.3135,0.0119,0.0077,1.5714285,1.5009,0.0212,0.0072,14,7,10,9,8,12,6,2,13,11,4,0,1,15,3,5
covtype,10,30,1000,1.6,4.62,1.56,1.1962,0.18600000000000003,0.15551246400000002,0.053103158,0.6409999999999999,0.2204,0.095,0.0472,1.8,1.59,0.1498,0.0586,14,2,3,4,10,9,7,8,11,6,12,1,13,0,15,5
covtype,100,30,1000,1.6,4.62,1.56,1.1962,0.18600000000000003,0.15551246400000002,0.053103158,0.6409999999999999,0.2204,0.095,0.0472,1.8,1.59,0.1498,0.0586,14,7,3,8,9,6,2,4,1,13,11,15,0,12,10,5
covtype,1000,30,1000,1.6,4.62,1.56,1.1962,0.18600000000000003,0.15551246400000002,0.053103158,0.6409999999999999,0.2204,0.095,0.0472,1.8,1.59,0.1498,0.0586,6,10,8,7,9,14,13,2,4,5,0,1,3,15,12,11
covtype,10,30,5000,2.0,4.614,1.5419999999999998,1.3841,0.3207,0.054626572000000005,0.030858588,0.6485,0.2565,0.0303,0.0247,2.2857144,1.548,0.0546,0.0294,2,3,1,7,9,8,10,11,14,4,15,0,12,6,13,5
covtype,100,30,5000,2.0,4.614,1.5419999999999998,1.3841,0.3207,0.054626572000000005,0.030858588,0.6485,0.2565,0.0303,0.0247,2.2857144,1.548,0.0546,0.0294,14,7,9,8,3,10,2,6,12,4,1,11,13,15,0,5
covtype,1000,30,5000,2.0,4.614,1.5419999999999998,1.3841,0.3207,0.054626572000000005,0.030858588,0.6485,0.2565,0.0303,0.0247,2.2857144,1.548,0.0546,0.0294,14,7,9,8,6,10,2,4,1,13,3,15,0,12,11,5
covtype,10,30,10000,1.875,4.485,1.4969999999999999,1.3432,0.2779,0.048658735999999994,0.023428802999999998,0.6679999999999999,0.2834,0.0262,0.0214,2.0,1.5419999999999998,0.048,0.0232,3,14,2,1,4,10,0,11,7,8,6,9,12,13,15,5
covtype,100,30,10000,1.875,4.485,1.4969999999999999,1.3432,0.2779,0.048658735999999994,0.023428802999999998,0.6679999999999999,0.2834,0.0262,0.0214,2.0,1.5419999999999998,0.048,0.0232,14,7,9,8,10,3,2,12,6,4,11,1,13,15,0,5
covtype,1000,30,10000,1.875,4.485,1.4969999999999999,1.3432,0.2779,0.048658735999999994,0.023428802999999998,0.6679999999999999,0.2834,0.0262,0.0214,2.0,1.5419999999999998,0.048,0.0232,7,9,14,8,10,2,6,4,1,12,13,3,0,15,11,5
covtype,10,30,50000,1.7,4.8264,1.6092,1.2334,0.157,0.03728476,0.0177942,0.6214,0.2327,0.0234,0.017,1.7,1.5972,0.0373,0.0175,14,13,9,15,7,10,8,11,2,12,4,3,1,6,0,5
covtype,100,30,50000,1.7,4.8264,1.6092,1.2334,0.157,0.03728476,0.0177942,0.6214,0.2327,0.0234,0.017,1.7,1.5972,0.0373,0.0175,14,7,9,10,8,3,2,12,4,6,11,1,13,0,15,5
covtype,1000,30,50000,1.7,4.8264,1.6092,1.2334,0.157,0.03728476,0.0177942,0.6214,0.2327,0.0234,0.017,1.7,1.5972,0.0373,0.0175,7,14,10,9,8,2,12,1,4,11,6,13,0,3,15,5
covtype,10,30,100000,1.6363636000000001,4.7928,1.5978,1.2055,0.1354,0.032183977,0.013637578000000001,0.6259,0.2299,0.0198,0.0129,1.6363636000000001,1.6218,0.0317,0.0134,14,13,15,2,9,3,8,7,10,1,4,11,12,0,6,5
covtype,100,30,100000,1.6363636000000001,4.7928,1.5978,1.2055,0.1354,0.032183977,0.013637578000000001,0.6259,0.2299,0.0198,0.0129,1.6363636000000001,1.6218,0.0317,0.0134,10,7,9,14,8,3,12,2,4,6,11,1,13,0,15,5
covtype,1000,30,100000,1.6363636000000001,4.7928,1.5978,1.2055,0.1354,0.032183977,0.013637578000000001,0.6259,0.2299,0.0198,0.0129,1.6363636000000001,1.6218,0.0317,0.0134,7,10,9,14,8,2,12,1,4,6,11,0,13,3,15,5
covtype,10,30,500000,1.6428572,4.49718,1.4991,1.1458,0.1419,0.021136527000000002,0.007057924,0.6671,0.3059,0.0119,0.0077,1.5714285,1.494,0.0212,0.0071,14,13,15,2,3,7,9,10,11,8,4,1,12,0,6,5
covtype,100,30,500000,1.6428572,4.49718,1.4991,1.1458,0.1419,0.021136527000000002,0.007057924,0.6671,0.3059,0.0119,0.0077,1.5714285,1.494,0.0212,0.0071,7,10,9,8,14,3,12,2,4,11,6,1,13,0,15,5
covtype,1000,30,500000,1.6428572,4.49718,1.4991,1.1458,0.1419,0.021136527000000002,0.007057924,0.6671,0.3059,0.0119,0.0077,1.5714285,1.494,0.0212,0.0071,10,14,7,9,8,12,2,6,4,1,11,0,13,3,15,5
covtype,10,40,1000,1.8,4.8,1.62,1.2259,0.2374,0.141989158,0.046369097000000005,0.6173,0.2104,0.0957,0.0488,1.6,1.62,0.1525,0.0473,3,2,14,4,1,7,6,9,8,10,11,12,0,13,15,5
covtype,100,40,1000,1.8,4.8,1.62,1.2259,0.2374,0.141989158,0.046369097000000005,0.6173,0.2104,0.0957,0.0488,1.6,1.62,0.1525,0.0473,8,14,7,3,9,2,6,4,1,13,10,11,15,0,12,5
covtype,1000,40,1000,1.8,4.8,1.62,1.2259,0.2374,0.141989158,0.046369097000000005,0.6173,0.2104,0.0957,0.0488,1.6,1.62,0.1525,0.0473,6,7,9,13,14,10,15,8,2,4,5,0,3,1,12,11
covtype,10,40,5000,2.0,4.776,1.5959999999999999,1.4211,0.3385,0.052948704000000006,0.029855262,0.6266,0.2891,0.0308,0.0279,2.0,1.5419999999999998,0.0549,0.0316,2,4,3,1,14,10,9,11,7,8,12,0,6,13,15,5
covtype,100,40,5000,2.0,4.776,1.5959999999999999,1.4211,0.3385,0.052948704000000006,0.029855262,0.6266,0.2891,0.0308,0.0279,2.0,1.5419999999999998,0.0549,0.0316,7,9,14,8,3,2,10,4,1,12,6,11,0,13,15,5
covtype,1000,40,5000,2.0,4.776,1.5959999999999999,1.4211,0.3385,0.052948704000000006,0.029855262,0.6266,0.2891,0.0308,0.0279,2.0,1.5419999999999998,0.0549,0.0316,14,7,9,8,10,6,2,4,1,3,13,15,0,12,11,5
covtype,10,40,10000,1.875,4.53,1.5119999999999998,1.3549,0.2849,0.048394898,0.023065187,0.6614,0.2369,0.0257,0.0198,1.875,1.515,0.0479,0.0228,14,2,4,9,1,7,11,10,8,3,12,6,0,13,15,5
covtype,100,40,10000,1.875,4.53,1.5119999999999998,1.3549,0.2849,0.048394898,0.023065187,0.6614,0.2369,0.0257,0.0198,1.875,1.515,0.0479,0.0228,14,7,9,8,10,3,2,12,4,11,1,6,13,15,0,5
covtype,1000,40,10000,1.875,4.53,1.5119999999999998,1.3549,0.2849,0.048394898,0.023065187,0.6614,0.2369,0.0257,0.0198,1.875,1.515,0.0479,0.0228,14,7,9,8,10,2,4,6,1,12,3,13,15,0,11,5
covtype,10,40,50000,1.7,4.7616,1.5876,1.235,0.1582,0.037509989,0.01844022,0.6299,0.2329,0.023,0.0163,1.7,1.6086,0.0369,0.018000000000000002,14,13,15,2,4,1,11,9,10,7,8,3,12,6,0,5
covtype,100,40,50000,1.7,4.7616,1.5876,1.235,0.1582,0.037509989,0.01844022,0.6299,0.2329,0.023,0.0163,1.7,1.6086,0.0369,0.018000000000000002,14,7,9,10,8,3,12,2,4,1,11,6,13,15,0,5
covtype,1000,40,50000,1.7,4.7616,1.5876,1.235,0.1582,0.037509989,0.01844022,0.6299,0.2329,0.023,0.0163,1.7,1.6086,0.0369,0.018000000000000002,7,9,14,10,8,2,12,4,1,11,6,3,13,0,15,5
covtype,10,40,100000,1.5454545,4.8189,1.6065,1.2061,0.1338,0.031997500000000005,0.013498187,0.6225,0.23199999999999998,0.0197,0.0134,1.7272726999999999,1.6041,0.0318,0.0132,14,13,15,2,9,10,1,11,4,8,7,3,12,0,6,5
covtype,100,40,100000,1.5454545,4.8189,1.6065,1.2061,0.1338,0.031997500000000005,0.013498187,0.6225,0.23199999999999998,0.0197,0.0134,1.7272726999999999,1.6041,0.0318,0.0132,14,9,7,10,8,3,12,2,4,11,1,6,13,15,0,5
covtype,1000,40,100000,1.5454545,4.8189,1.6065,1.2061,0.1338,0.031997500000000005,0.013498187,0.6225,0.23199999999999998,0.0197,0.0134,1.7272726999999999,1.6041,0.0318,0.0132,7,14,9,10,8,12,2,4,11,1,6,13,3,0,15,5
covtype,10,40,500000,1.6428572,4.44336,1.4812,1.1487,0.1445,0.021222142000000003,0.007172281,0.6751,0.3186,0.0119,0.0077,1.7142857,1.479,0.0212,0.0071,14,13,15,3,2,9,4,7,10,11,1,8,12,0,6,5
covtype,100,40,500000,1.6428572,4.44336,1.4812,1.1487,0.1445,0.021222142000000003,0.007172281,0.6751,0.3186,0.0119,0.0077,1.7142857,1.479,0.0212,0.0071,14,7,10,9,8,12,3,2,4,11,1,6,13,15,0,5
covtype,1000,40,500000,1.6428572,4.44336,1.4812,1.1487,0.1445,0.021222142000000003,0.007172281,0.6751,0.3186,0.0119,0.0077,1.7142857,1.479,0.0212,0.0071,10,7,9,14,8,12,2,4,1,11,6,3,13,0,15,5
covtype,10,50,1000,1.8,4.62,1.56,1.2115,0.2163,0.148439329,0.054290198,0.6409999999999999,0.2263,0.095,0.0516,1.8,1.62,0.151,0.0577,14,2,4,9,1,7,10,3,11,8,12,6,0,13,15,5
covtype,100,50,1000,1.8,4.62,1.56,1.2115,0.2163,0.148439329,0.054290198,0.6409999999999999,0.2263,0.095,0.0516,1.8,1.62,0.151,0.0577,3,7,14,9,8,2,4,6,1,11,0,13,15,10,12,5
covtype,1000,50,1000,1.8,4.62,1.56,1.2115,0.2163,0.148439329,0.054290198,0.6409999999999999,0.2263,0.095,0.0516,1.8,1.62,0.151,0.0577,6,10,9,13,7,8,15,14,2,4,5,3,1,0,12,11
covtype,10,50,5000,1.8571428,4.812,1.608,1.3582,0.2882,0.052481637000000005,0.02863074,0.6219,0.2287,0.0307,0.0261,1.8571428,1.548,0.0532,0.0291,14,2,9,10,3,8,4,7,1,11,12,6,0,13,15,5
covtype,100,50,5000,1.8571428,4.812,1.608,1.3582,0.2882,0.052481637000000005,0.02863074,0.6219,0.2287,0.0307,0.0261,1.8571428,1.548,0.0532,0.0291,14,7,9,8,3,2,10,4,12,1,11,6,15,13,0,5
covtype,1000,50,5000,1.8571428,4.812,1.608,1.3582,0.2882,0.052481637000000005,0.02863074,0.6219,0.2287,0.0307,0.0261,1.8571428,1.548,0.0532,0.0291,14,7,9,8,2,10,6,4,1,3,15,13,12,11,0,5
covtype,10,50,10000,1.75,4.7010000000000005,1.569,1.3198,0.2423,0.046856552,0.023770731,0.6373,0.2175,0.026000000000000002,0.0203,2.125,1.4880000000000002,0.0487,0.0231,14,2,9,10,4,7,1,11,3,8,12,6,13,0,15,5
covtype,100,50,10000,1.75,4.7010000000000005,1.569,1.3198,0.2423,0.046856552,0.023770731,0.6373,0.2175,0.026000000000000002,0.0203,2.125,1.4880000000000002,0.0487,0.0231,7,14,9,8,10,3,2,12,4,11,6,1,15,13,0,5
covtype,1000,50,10000,1.75,4.7010000000000005,1.569,1.3198,0.2423,0.046856552,0.023770731,0.6373,0.2175,0.026000000000000002,0.0203,2.125,1.4880000000000002,0.0487,0.0231,7,9,14,8,10,2,4,1,6,3,12,11,13,0,15,5
covtype,10,50,50000,1.7,4.8138,1.605,1.2332,0.1545,0.037377619,0.018117373,0.6231,0.2353,0.0232,0.0167,1.7,1.6116,0.0374,0.018000000000000002,14,13,2,15,9,4,1,7,10,11,8,3,12,6,0,5
covtype,100,50,50000,1.7,4.8138,1.605,1.2332,0.1545,0.037377619,0.018117373,0.6231,0.2353,0.0232,0.0167,1.7,1.6116,0.0374,0.018000000000000002,7,14,9,10,8,3,12,2,4,11,1,6,13,15,0,5
covtype,1000,50,50000,1.7,4.8138,1.605,1.2332,0.1545,0.037377619,0.018117373,0.6231,0.2353,0.0232,0.0167,1.7,1.6116,0.0374,0.018000000000000002,7,9,10,14,8,2,12,4,1,11,6,3,13,0,15,5
covtype,10,50,100000,1.6363636000000001,4.7973,1.5993,1.2098,0.1399,0.032206701000000004,0.013561686000000002,0.6253,0.23199999999999998,0.0196,0.0131,1.6363636000000001,1.5951,0.0323,0.0134,14,13,9,15,10,2,11,8,4,12,1,7,3,6,0,5
covtype,100,50,100000,1.6363636000000001,4.7973,1.5993,1.2098,0.1399,0.032206701000000004,0.013561686000000002,0.6253,0.23199999999999998,0.0196,0.0131,1.6363636000000001,1.5951,0.0323,0.0134,14,9,7,10,8,3,12,2,4,11,1,6,13,15,0,5
covtype,1000,50,100000,1.6363636000000001,4.7973,1.5993,1.2098,0.1399,0.032206701000000004,0.013561686000000002,0.6253,0.23199999999999998,0.0196,0.0131,1.6363636000000001,1.5951,0.0323,0.0134,7,9,14,10,8,12,2,4,1,11,6,3,13,0,15,5
covtype,10,50,500000,1.6428572,4.47558,1.4919,1.1459,0.1431,0.021174647,0.007117735,0.6703,0.3139,0.0119,0.0078,1.6428572,1.4976,0.0212,0.0071,14,13,2,15,4,9,7,10,3,11,8,1,12,0,6,5
covtype,100,50,500000,1.6428572,4.47558,1.4919,1.1459,0.1431,0.021174647,0.007117735,0.6703,0.3139,0.0119,0.0078,1.6428572,1.4976,0.0212,0.0071,7,9,10,14,8,12,3,2,4,11,1,6,13,15,0,5
covtype,1000,50,500000,1.6428572,4.47558,1.4919,1.1459,0.1431,0.021174647,0.007117735,0.6703,0.3139,0.0119,0.0078,1.6428572,1.4976,0.0212,0.0071,7,9,10,14,8,12,2,4,11,1,6,3,13,0,15,5
euro,10,2,169300,2.0,2.01760189,0.6727,1.4361,0.198,0.002957935,0.012919854,1.4867,1.9999,0.002,0.011000000000000001,1.9166666,0.6716,0.0029318,0.01278554,13,7,10,0,3,2,9,8,4,1,12,6,11,14,15,5
euro,100,2,169300,2.0,2.01760189,0.6727,1.4361,0.198,0.002957935,0.012919854,1.4867,1.9999,0.002,0.011000000000000001,1.9166666,0.6716,0.0029318,0.01278554,14,10,8,13,7,9,6,12,2,15,0,4,11,3,1,5
euro,1000,2,169300,2.0,2.01760189,0.6727,1.4361,0.198,0.002957935,0.012919854,1.4867,1.9999,0.002,0.011000000000000001,1.9166666,0.6716,0.0029318,0.01278554,7,10,14,9,8,6,13,12,2,0,4,11,15,1,5,3
euro,10,2,1000,2.2,4.35,1.47,1.5265,0.4421,0.082563352,0.10680362800000001,0.6803,0.3337,0.0533,0.0764,2.0,1.53,0.07673395,0.10508113,0,3,6,13,5,2,14,7,1,4,10,8,9,11,12,15
euro,100,2,1000,2.2,4.35,1.47,1.5265,0.4421,0.082563352,0.10680362800000001,0.6803,0.3337,0.0533,0.0764,2.0,1.53,0.07673395,0.10508113,6,13,0,3,15,5,14,7,8,12,9,10,2,4,1,11
euro,1000,2,1000,2.2,4.35,1.47,1.5265,0.4421,0.082563352,0.10680362800000001,0.6803,0.3337,0.0533,0.0764,2.0,1.53,0.07673395,0.10508113,6,10,7,14,13,8,15,9,5,0,4,12,11,3,2,1
euro,10,2,10000,2.125,3.216,1.074,1.537,0.3049,0.011935788000000001,0.019299471999999998,0.9311,0.8382,0.011000000000000001,0.0426,2.125,1.083,0.01214665,0.02409657,13,0,14,3,7,6,10,8,11,9,15,2,4,12,1,5
euro,100,2,10000,2.125,3.216,1.074,1.537,0.3049,0.011935788000000001,0.019299471999999998,0.9311,0.8382,0.011000000000000001,0.0426,2.125,1.083,0.01214665,0.02409657,14,10,7,6,9,8,13,12,0,2,3,11,4,15,1,5
euro,1000,2,10000,2.125,3.216,1.074,1.537,0.3049,0.011935788000000001,0.019299471999999998,0.9311,0.8382,0.011000000000000001,0.0426,2.125,1.083,0.01214665,0.02409657,6,7,14,10,9,8,13,0,2,12,4,1,11,15,5,3
euro,10,2,100000,2.0,1.8129,0.6045,1.4856,0.2266,0.003725183,0.015901675,1.6543,2.5635,0.0026,0.0121,2.090909,0.5973,0.00386282,0.01619219,13,14,15,0,10,2,11,3,7,1,4,8,9,12,6,5
euro,100,2,100000,2.0,1.8129,0.6045,1.4856,0.2266,0.003725183,0.015901675,1.6543,2.5635,0.0026,0.0121,2.090909,0.5973,0.00386282,0.01619219,14,13,7,10,12,8,15,6,9,2,0,4,11,1,3,5
euro,1000,2,100000,2.0,1.8129,0.6045,1.4856,0.2266,0.003725183,0.015901675,1.6543,2.5635,0.0026,0.0121,2.090909,0.5973,0.00386282,0.01619219,14,7,10,9,6,8,12,13,0,2,4,15,11,1,5,3
KeggDirected,10,2,1000,2.2,3.63,1.23,1.5659,0.4415,0.01744556,0.041206261,0.813,0.861,0.0265,0.1139,2.2,1.23,0.0169,0.040999999999999995,9,10,8,14,7,4,2,11,13,12,3,15,5,0,6,1
KeggDirected,100,2,1000,2.2,3.63,1.23,1.5659,0.4415,0.01744556,0.041206261,0.813,0.861,0.0265,0.1139,2.2,1.23,0.0169,0.040999999999999995,6,3,13,8,14,9,7,10,0,12,5,2,4,1,11,15
KeggDirected,1000,2,1000,2.2,3.63,1.23,1.5659,0.4415,0.01744556,0.041206261,0.813,0.861,0.0265,0.1139,2.2,1.23,0.0169,0.040999999999999995,14,10,6,7,15,8,9,5,13,0,12,4,3,11,2,1
KeggDirected,10,2,5000,2.142857,3.174,1.002,1.4842,0.3211,0.008157041,0.024822695,0.998,1.4474,0.009000000000000001,0.0545,2.142857,1.044,0.0078,0.0235,14,15,2,7,6,1,10,9,4,8,11,13,3,12,5,0
KeggDirected,100,2,5000,2.142857,3.174,1.002,1.4842,0.3211,0.008157041,0.024822695,0.998,1.4474,0.009000000000000001,0.0545,2.142857,1.044,0.0078,0.0235,14,13,6,9,7,8,10,2,12,15,4,3,11,1,5,0
KeggDirected,1000,2,5000,2.142857,3.174,1.002,1.4842,0.3211,0.008157041,0.024822695,0.998,1.4474,0.009000000000000001,0.0545,2.142857,1.044,0.0078,0.0235,6,14,10,7,8,15,9,13,2,4,5,1,12,0,11,3
KeggDirected,10,2,10000,2.0,2.853,0.885,1.3877,0.2814,0.005527018000000001,0.013106197,1.1299,2.136,0.0052,0.015,2.0,0.9,0.0053,0.0131,13,14,15,2,1,11,3,7,10,4,8,12,9,0,6,5
KeggDirected,100,2,10000,2.0,2.853,0.885,1.3877,0.2814,0.005527018000000001,0.013106197,1.1299,2.136,0.0052,0.015,2.0,0.9,0.0053,0.0131,14,7,15,13,9,8,10,6,12,2,3,11,1,4,0,5
KeggDirected,1000,2,10000,2.0,2.853,0.885,1.3877,0.2814,0.005527018000000001,0.013106197,1.1299,2.136,0.0052,0.015,2.0,0.9,0.0053,0.0131,14,6,7,10,8,9,15,13,2,4,12,1,0,11,5,3
KeggDirected,10,2,50000,1.7,2.0928,0.5784,1.2841,0.2205,0.00287036,0.006640986,1.7289,6.0912,0.0028,0.0076,1.7,0.5694,0.0029,0.0068,13,15,14,2,7,11,10,3,9,4,8,1,6,12,0,5
KeggDirected,100,2,50000,1.7,2.0928,0.5784,1.2841,0.2205,0.00287036,0.006640986,1.7289,6.0912,0.0028,0.0076,1.7,0.5694,0.0029,0.0068,14,13,15,10,7,9,8,12,2,6,3,4,11,1,0,5
KeggDirected,1000,2,50000,1.7,2.0928,0.5784,1.2841,0.2205,0.00287036,0.006640986,1.7289,6.0912,0.0028,0.0076,1.7,0.5694,0.0029,0.0068,14,10,7,9,8,6,15,12,2,13,4,11,1,0,5,3
KeggDirected,10,10,1000,2.6,3.45,1.17,1.7026,0.5508,0.022364622999999997,0.05394605400000001,0.8547,0.6137,0.032,0.1185,2.2,1.14,0.0229,0.0542,2,1,4,7,8,3,6,0,14,9,11,12,13,10,5,15
KeggDirected,100,10,1000,2.6,3.45,1.17,1.7026,0.5508,0.022364622999999997,0.05394605400000001,0.8547,0.6137,0.032,0.1185,2.2,1.14,0.0229,0.0542,14,6,15,7,13,9,8,2,3,11,12,4,0,1,10,5
KeggDirected,1000,10,1000,2.6,3.45,1.17,1.7026,0.5508,0.022364622999999997,0.05394605400000001,0.8547,0.6137,0.032,0.1185,2.2,1.14,0.0229,0.0542,6,14,10,7,15,9,8,13,2,4,0,5,1,3,12,11
KeggDirected,10,10,5000,2.7142856,3.042,1.014,1.5968,0.4171,0.008998411,0.022786052,0.9862,2.3887,0.0066,0.0243,2.2857144,1.008,0.009000000000000001,0.0228,1,7,2,4,10,9,0,14,8,13,11,3,12,15,6,5
KeggDirected,100,10,5000,2.7142856,3.042,1.014,1.5968,0.4171,0.008998411,0.022786052,0.9862,2.3887,0.0066,0.0243,2.2857144,1.008,0.009000000000000001,0.0228,14,7,9,8,10,12,2,15,6,13,3,4,11,1,0,5
KeggDirected,1000,10,5000,2.7142856,3.042,1.014,1.5968,0.4171,0.008998411,0.022786052,0.9862,2.3887,0.0066,0.0243,2.2857144,1.008,0.009000000000000001,0.0228,14,6,7,9,8,10,2,13,15,4,1,0,12,11,5,3
KeggDirected,10,10,10000,2.625,2.94,0.972,1.5015,0.3579,0.006540555,0.015438526000000001,1.0288,2.0734,0.0047,0.0181,2.625,0.963,0.0067,0.0142,14,13,15,2,10,1,11,8,4,7,9,0,12,3,6,5
KeggDirected,100,10,10000,2.625,2.94,0.972,1.5015,0.3579,0.006540555,0.015438526000000001,1.0288,2.0734,0.0047,0.0181,2.625,0.963,0.0067,0.0142,14,7,9,8,10,2,12,6,3,4,11,1,13,0,15,5
KeggDirected,1000,10,10000,2.625,2.94,0.972,1.5015,0.3579,0.006540555,0.015438526000000001,1.0288,2.0734,0.0047,0.0181,2.625,0.963,0.0067,0.0142,14,7,9,10,8,6,13,2,12,4,1,15,0,11,3,5
KeggDirected,10,10,50000,2.4,1.5948,0.5268,1.4564,0.2988,0.003296248,0.007234359,1.8983,9.3492,0.0025,0.0099,2.5,0.5562,0.0032,0.0074,14,13,15,2,1,7,10,11,8,4,9,0,12,3,6,5
KeggDirected,100,10,50000,2.4,1.5948,0.5268,1.4564,0.2988,0.003296248,0.007234359,1.8983,9.3492,0.0025,0.0099,2.5,0.5562,0.0032,0.0074,14,7,10,8,9,12,2,6,4,13,1,11,0,3,15,5
KeggDirected,1000,10,50000,2.4,1.5948,0.5268,1.4564,0.2988,0.003296248,0.007234359,1.8983,9.3492,0.0025,0.0099,2.5,0.5562,0.0032,0.0074,7,14,10,9,8,2,12,6,4,13,1,11,0,15,3,5
KeggDirected,10,20,1000,3.2,3.33,1.11,1.7027,0.5893,0.023411282000000002,0.054782922000000005,0.9009,0.677,0.0345,0.1214,2.8,1.08,0.0243,0.0557,14,2,7,4,9,1,8,10,11,3,12,6,0,13,15,5
KeggDirected,100,20,1000,3.2,3.33,1.11,1.7027,0.5893,0.023411282000000002,0.054782922000000005,0.9009,0.677,0.0345,0.1214,2.8,1.08,0.0243,0.0557,14,7,9,8,6,2,3,4,13,1,15,10,11,0,12,5
KeggDirected,1000,20,1000,3.2,3.33,1.11,1.7027,0.5893,0.023411282000000002,0.054782922000000005,0.9009,0.677,0.0345,0.1214,2.8,1.08,0.0243,0.0557,6,14,7,10,8,9,15,2,4,13,1,0,5,3,12,11
KeggDirected,10,20,5000,2.2857144,2.85,0.9540000000000001,1.5553,0.3905,0.009767148,0.022173604,1.0482,2.886,0.0072,0.0252,2.7142856,1.1159999999999999,0.0088,0.022000000000000002,14,2,10,1,9,8,4,7,11,12,15,13,0,3,6,5
KeggDirected,100,20,5000,2.2857144,2.85,0.9540000000000001,1.5553,0.3905,0.009767148,0.022173604,1.0482,2.886,0.0072,0.0252,2.7142856,1.1159999999999999,0.0088,0.022000000000000002,14,7,9,8,10,12,2,3,6,15,4,13,11,1,0,5
KeggDirected,1000,20,5000,2.2857144,2.85,0.9540000000000001,1.5553,0.3905,0.009767148,0.022173604,1.0482,2.886,0.0072,0.0252,2.7142856,1.1159999999999999,0.0088,0.022000000000000002,14,7,9,8,6,10,2,15,1,4,13,0,11,12,3,5
KeggDirected,10,20,10000,2.5,2.997,0.993,1.5208,0.3709,0.007102756,0.014721753999999998,1.0070000000000001,2.9311,0.0056,0.02,2.25,0.897,0.0077,0.0179,14,7,4,13,8,15,2,9,1,11,12,3,10,0,6,5
KeggDirected,100,20,10000,2.5,2.997,0.993,1.5208,0.3709,0.007102756,0.014721753999999998,1.0070000000000001,2.9311,0.0056,0.02,2.25,0.897,0.0077,0.0179,14,7,9,8,10,2,12,3,15,4,6,1,11,13,0,5
KeggDirected,1000,20,10000,2.5,2.997,0.993,1.5208,0.3709,0.007102756,0.014721753999999998,1.0070000000000001,2.9311,0.0056,0.02,2.25,0.897,0.0077,0.0179,14,7,8,9,10,15,2,13,6,12,4,1,11,0,3,5
KeggDirected,10,20,50000,2.6,1.1022,0.3642,1.5614,0.3259,0.001828663,0.014673878999999999,2.7457,21.2175,0.0024,0.0276,2.6,0.3444,0.002,0.0151,14,2,7,1,10,9,11,8,4,13,15,0,3,12,6,5
KeggDirected,100,20,50000,2.6,1.1022,0.3642,1.5614,0.3259,0.001828663,0.014673878999999999,2.7457,21.2175,0.0024,0.0276,2.6,0.3444,0.002,0.0151,14,7,10,9,12,8,15,2,4,13,11,6,1,0,3,5
KeggDirected,1000,20,50000,2.6,1.1022,0.3642,1.5614,0.3259,0.001828663,0.014673878999999999,2.7457,21.2175,0.0024,0.0276,2.6,0.3444,0.002,0.0151,7,10,9,14,8,2,12,4,1,6,11,13,0,15,3,5
KeggUndirect,10,2,1000,2.2,4.17,1.29,1.4465,0.3526,0.020381723,0.05028055,0.7752,0.5099,0.0398,0.125,2.0,1.29,0.0206,0.0504,14,10,11,8,7,9,2,12,13,3,4,0,6,5,15,1
KeggUndirect,100,2,1000,2.2,4.17,1.29,1.4465,0.3526,0.020381723,0.05028055,0.7752,0.5099,0.0398,0.125,2.0,1.29,0.0206,0.0504,6,13,3,14,15,10,7,8,9,5,0,2,12,4,11,1
KeggUndirect,1000,2,1000,2.2,4.17,1.29,1.4465,0.3526,0.020381723,0.05028055,0.7752,0.5099,0.0398,0.125,2.0,1.29,0.0206,0.0504,6,13,5,0,12,14,15,7,10,8,11,9,2,4,3,1
KeggUndirect,10,2,5000,1.8571428,3.0,0.516,1.3571,0.3784,0.012716032,0.036552759,1.9380000000000002,2.3201,0.0208,0.0884,1.8571428,0.54,0.0121,0.0348,13,15,14,3,2,6,1,8,5,7,4,9,10,0,12,11
KeggUndirect,100,2,5000,1.8571428,3.0,0.516,1.3571,0.3784,0.012716032,0.036552759,1.9380000000000002,2.3201,0.0208,0.0884,1.8571428,0.54,0.0121,0.0348,14,13,15,7,6,8,10,9,12,3,2,11,4,1,5,0
KeggUndirect,1000,2,5000,1.8571428,3.0,0.516,1.3571,0.3784,0.012716032,0.036552759,1.9380000000000002,2.3201,0.0208,0.0884,1.8571428,0.54,0.0121,0.0348,15,14,13,7,10,8,9,6,5,2,4,12,11,0,3,1
KeggUndirect,10,2,10000,1.75,2.5380000000000003,0.342,1.3114,0.3564,0.009497601,0.032506966,2.924,4.2284,0.0171,0.0768,1.75,0.33899999999999997,0.0091,0.0325,14,13,15,3,0,2,11,12,1,7,4,10,6,8,9,5
KeggUndirect,100,2,10000,1.75,2.5380000000000003,0.342,1.3114,0.3564,0.009497601,0.032506966,2.924,4.2284,0.0171,0.0768,1.75,0.33899999999999997,0.0091,0.0325,14,13,15,6,7,8,10,9,2,12,11,0,4,3,1,5
KeggUndirect,1000,2,10000,1.75,2.5380000000000003,0.342,1.3114,0.3564,0.009497601,0.032506966,2.924,4.2284,0.0171,0.0768,1.75,0.33899999999999997,0.0091,0.0325,13,6,15,14,0,7,10,8,9,5,12,2,1,4,11,3
KeggUndirect,10,2,50000,1.6,1.002,0.1104,1.2309999999999999,0.3379,0.007694787,0.040265128,9.058,18.2073,0.0114,0.0548,1.6,0.1128,0.006999999999999999,0.0396,13,14,15,6,11,7,10,2,3,8,4,1,9,12,5,0
KeggUndirect,100,2,50000,1.6,1.002,0.1104,1.2309999999999999,0.3379,0.007694787,0.040265128,9.058,18.2073,0.0114,0.0548,1.6,0.1128,0.006999999999999999,0.0396,14,13,15,7,6,10,8,2,12,9,11,4,3,5,1,0
KeggUndirect,1000,2,50000,1.6,1.002,0.1104,1.2309999999999999,0.3379,0.007694787,0.040265128,9.058,18.2073,0.0114,0.0548,1.6,0.1128,0.006999999999999999,0.0396,15,14,13,6,10,7,8,9,5,12,2,11,4,0,1,3
KeggUndirect,10,10,1000,2.8,2.82,0.96,1.8125,0.6518,0.001512985,0.004163359,1.0417,1.4177,0.0433,0.1794,2.8,0.9,0.0016,0.0043,14,13,2,15,7,8,4,10,1,12,11,9,0,3,6,5
KeggUndirect,100,10,1000,2.8,2.82,0.96,1.8125,0.6518,0.001512985,0.004163359,1.0417,1.4177,0.0433,0.1794,2.8,0.9,0.0016,0.0043,14,7,8,6,9,3,2,13,4,1,15,0,10,5,11,12
KeggUndirect,1000,10,1000,2.8,2.82,0.96,1.8125,0.6518,0.001512985,0.004163359,1.0417,1.4177,0.0433,0.1794,2.8,0.9,0.0016,0.0043,6,14,10,7,15,8,9,13,2,4,5,0,1,3,12,11
KeggUndirect,10,10,5000,2.4285715,2.64,0.8759999999999999,1.6477,0.3532,0.001105348,0.007907951,1.1416,1.9912,0.009000000000000001,0.0848,2.4285715,0.9,0.0011,0.0078,13,14,15,2,1,8,10,11,4,7,3,0,9,12,6,5
KeggUndirect,100,10,5000,2.4285715,2.64,0.8759999999999999,1.6477,0.3532,0.001105348,0.007907951,1.1416,1.9912,0.009000000000000001,0.0848,2.4285715,0.9,0.0011,0.0078,14,7,8,9,6,10,15,12,13,2,3,11,0,1,4,5
KeggUndirect,1000,10,5000,2.4285715,2.64,0.8759999999999999,1.6477,0.3532,0.001105348,0.007907951,1.1416,1.9912,0.009000000000000001,0.0848,2.4285715,0.9,0.0011,0.0078,14,6,7,8,9,10,15,13,2,4,0,1,12,11,5,3
KeggUndirect,10,10,10000,2.75,2.862,0.93,1.629,0.3408,0.000542,0.005371896,1.0753,2.1271,0.0043,0.0583,2.5,0.915,0.0006,0.0054,13,15,14,2,11,1,8,10,7,9,3,0,4,12,6,5
KeggUndirect,100,10,10000,2.75,2.862,0.93,1.629,0.3408,0.000542,0.005371896,1.0753,2.1271,0.0043,0.0583,2.5,0.915,0.0006,0.0054,14,7,8,10,15,9,13,6,12,2,3,4,0,11,1,5
KeggUndirect,1000,10,10000,2.75,2.862,0.93,1.629,0.3408,0.000542,0.005371896,1.0753,2.1271,0.0043,0.0583,2.5,0.915,0.0006,0.0054,14,7,10,8,13,9,6,15,2,12,1,0,4,11,3,5
KeggUndirect,10,10,50000,2.8,1.7796,0.5772,1.5308,0.293,0.00023799999999999998,0.002405177,1.7325,6.1388,0.0015,0.0333,2.4,0.5766,0.0002,0.0024,13,15,14,7,11,10,8,12,2,9,1,0,4,3,6,5
KeggUndirect,100,10,50000,2.8,1.7796,0.5772,1.5308,0.293,0.00023799999999999998,0.002405177,1.7325,6.1388,0.0015,0.0333,2.4,0.5766,0.0002,0.0024,14,7,10,8,9,15,13,12,2,6,3,11,4,1,0,5
KeggUndirect,1000,10,50000,2.8,1.7796,0.5772,1.5308,0.293,0.00023799999999999998,0.002405177,1.7325,6.1388,0.0015,0.0333,2.4,0.5766,0.0002,0.0024,7,10,8,9,14,6,2,12,4,1,11,0,13,15,3,5
KeggUndirect,10,20,1000,2.6,2.64,0.9,1.7333,0.6247,0.002100227,0.004325004,1.1111,1.5145,0.0462,0.1849,2.4,0.87,0.0022,0.0044,14,2,1,4,11,9,13,8,15,10,12,7,0,3,6,5
KeggUndirect,100,20,1000,2.6,2.64,0.9,1.7333,0.6247,0.002100227,0.004325004,1.1111,1.5145,0.0462,0.1849,2.4,0.87,0.0022,0.0044,14,7,9,8,6,2,15,3,13,4,1,10,0,11,12,5
KeggUndirect,1000,20,1000,2.6,2.64,0.9,1.7333,0.6247,0.002100227,0.004325004,1.1111,1.5145,0.0462,0.1849,2.4,0.87,0.0022,0.0044,6,10,7,8,9,14,13,2,15,4,1,0,5,3,12,11
KeggUndirect,10,20,5000,2.5714285,2.6639999999999997,0.888,1.6931,0.4028,0.001469697,0.007826773,1.1261,1.6435,0.0091,0.0842,2.4285715,0.888,0.0015,0.0078,14,13,11,10,9,15,7,8,2,12,1,4,3,0,6,5
KeggUndirect,100,20,5000,2.5714285,2.6639999999999997,0.888,1.6931,0.4028,0.001469697,0.007826773,1.1261,1.6435,0.0091,0.0842,2.4285715,0.888,0.0015,0.0078,14,7,9,8,10,12,15,6,3,2,13,4,11,1,0,5
KeggUndirect,1000,20,5000,2.5714285,2.6639999999999997,0.888,1.6931,0.4028,0.001469697,0.007826773,1.1261,1.6435,0.0091,0.0842,2.4285715,0.888,0.0015,0.0078,14,7,6,9,8,10,2,4,13,1,15,0,12,3,11,5
KeggUndirect,10,20,10000,2.625,2.508,0.828,1.6123,0.3439,0.000962,0.0057204759999999995,1.2077,2.7984,0.005,0.0618,2.75,0.852,0.0009,0.0056,14,13,15,1,2,11,7,9,8,10,4,12,0,3,6,5
KeggUndirect,100,20,10000,2.625,2.508,0.828,1.6123,0.3439,0.000962,0.0057204759999999995,1.2077,2.7984,0.005,0.0618,2.75,0.852,0.0009,0.0056,14,7,9,8,12,10,15,13,2,3,6,4,11,1,0,5
KeggUndirect,1000,20,10000,2.625,2.508,0.828,1.6123,0.3439,0.000962,0.0057204759999999995,1.2077,2.7984,0.005,0.0618,2.75,0.852,0.0009,0.0056,14,7,9,8,10,2,6,4,13,12,1,15,0,11,3,5
KeggUndirect,10,20,50000,2.8,1.8378,0.6042,1.5558,0.2876,0.000536,0.002473506,1.6551,5.1929,0.0016,0.0326,2.5,0.5904,0.0006,0.0025,13,15,14,2,7,11,9,10,8,4,1,12,3,0,6,5
KeggUndirect,100,20,50000,2.8,1.8378,0.6042,1.5558,0.2876,0.000536,0.002473506,1.6551,5.1929,0.0016,0.0326,2.5,0.5904,0.0006,0.0025,14,7,10,9,8,12,2,3,6,13,15,4,11,0,1,5
KeggUndirect,1000,20,50000,2.8,1.8378,0.6042,1.5558,0.2876,0.000536,0.002473506,1.6551,5.1929,0.0016,0.0326,2.5,0.5904,0.0006,0.0025,7,14,10,8,9,12,2,6,4,11,13,1,0,15,3,5
NYC,10,2,1000,1.8,4.26,1.44,1.4375,0.2934,0.015219676000000001,0.06075605,0.6944,0.157,0.0191,0.0833,1.8,1.44,0.015218213000000001,0.060756318,7,8,9,13,10,14,11,12,4,2,3,15,0,5,1,6
NYC,10,2,1000,1.8,4.26,1.44,1.4375,0.2934,0.015219676000000001,0.06075605,0.6944,0.157,0.0191,0.0833,1.8,1.44,0.015219676000000001,0.06075605,13,14,10,9,11,15,8,7,12,4,2,3,0,5,6,1
NYC,100,2,1000,1.8,4.26,1.44,1.4375,0.2934,0.015219676000000001,0.06075605,0.6944,0.157,0.0191,0.0833,1.8,1.44,0.015218213000000001,0.060756318,6,3,13,14,12,8,7,9,10,2,4,15,0,5,1,11
NYC,100,2,1000,1.8,4.26,1.44,1.4375,0.2934,0.015219676000000001,0.06075605,0.6944,0.157,0.0191,0.0833,1.8,1.44,0.015219676000000001,0.06075605,6,7,8,14,3,9,13,2,4,10,12,1,11,0,5,15
NYC,1000,2,1000,1.8,4.26,1.44,1.4375,0.2934,0.015219676000000001,0.06075605,0.6944,0.157,0.0191,0.0833,1.8,1.44,0.015218213000000001,0.060756318,10,14,15,7,6,8,9,5,13,0,12,3,2,11,4,1
NYC,1000,2,1000,1.8,4.26,1.44,1.4375,0.2934,0.015219676000000001,0.06075605,0.6944,0.157,0.0191,0.0833,1.8,1.44,0.015219676000000001,0.06075605,6,5,13,12,3,7,10,8,0,15,9,11,2,4,14,1
NYC,10,2,5000,1.7142857,4.056,1.3559999999999999,1.3451,0.2075,0.002877883,0.012565065,0.7375,0.1795,0.0035,0.0208,1.7142857,1.38,0.002832634,0.012459798000000001,13,15,14,3,11,2,10,7,6,8,1,12,9,4,5,0
NYC,10,2,5000,1.7142857,4.056,1.3559999999999999,1.3451,0.2075,0.002877883,0.012565065,0.7375,0.1795,0.0035,0.0208,1.7142857,1.368,0.0028366479999999998,0.012514835,13,15,14,6,3,8,7,10,9,11,1,5,2,12,0,4
NYC,100,2,5000,1.7142857,4.056,1.3559999999999999,1.3451,0.2075,0.002877883,0.012565065,0.7375,0.1795,0.0035,0.0208,1.7142857,1.38,0.002832634,0.012459798000000001,2,7,6,8,9,13,10,14,12,4,1,3,11,15,5,0
NYC,100,2,5000,1.7142857,4.056,1.3559999999999999,1.3451,0.2075,0.002877883,0.012565065,0.7375,0.1795,0.0035,0.0208,1.7142857,1.368,0.0028366479999999998,0.012514835,14,7,8,9,6,10,12,15,3,11,2,4,13,1,5,0
NYC,1000,2,5000,1.7142857,4.056,1.3559999999999999,1.3451,0.2075,0.002877883,0.012565065,0.7375,0.1795,0.0035,0.0208,1.7142857,1.38,0.002832634,0.012459798000000001,6,14,7,9,10,8,13,15,2,4,12,1,0,5,3,11
NYC,1000,2,5000,1.7142857,4.056,1.3559999999999999,1.3451,0.2075,0.002877883,0.012565065,0.7375,0.1795,0.0035,0.0208,1.7142857,1.368,0.0028366479999999998,0.012514835,6,14,7,9,8,10,13,15,2,4,0,1,12,11,5,3
NYC,10,2,10000,1.625,4.683,1.5630000000000002,1.3452,0.1836,0.0015640779999999998,0.009899166,0.6398,0.2278,0.0016,0.0127,1.625,1.536,0.001595923,0.009982797,13,15,14,11,9,10,8,2,12,4,7,3,1,6,0,5
NYC,10,2,10000,1.625,4.683,1.5630000000000002,1.3452,0.1836,0.0015640779999999998,0.009899166,0.6398,0.2278,0.0016,0.0127,1.625,1.569,0.001550285,0.009879594,13,15,14,11,2,7,10,12,9,8,4,3,1,0,6,5
NYC,100,2,10000,1.625,4.683,1.5630000000000002,1.3452,0.1836,0.0015640779999999998,0.009899166,0.6398,0.2278,0.0016,0.0127,1.625,1.536,0.001595923,0.009982797,14,7,9,10,8,13,6,2,15,12,4,11,1,3,0,5
NYC,100,2,10000,1.625,4.683,1.5630000000000002,1.3452,0.1836,0.0015640779999999998,0.009899166,0.6398,0.2278,0.0016,0.0127,1.625,1.569,0.001550285,0.009879594,14,7,10,9,8,13,2,6,15,12,4,11,1,3,0,5
NYC,1000,2,10000,1.625,4.683,1.5630000000000002,1.3452,0.1836,0.0015640779999999998,0.009899166,0.6398,0.2278,0.0016,0.0127,1.625,1.536,0.001595923,0.009982797,14,6,7,9,8,10,13,2,15,12,0,4,1,11,5,3
NYC,1000,2,10000,1.625,4.683,1.5630000000000002,1.3452,0.1836,0.0015640779999999998,0.009899166,0.6398,0.2278,0.0016,0.0127,1.625,1.569,0.001550285,0.009879594,14,7,6,9,10,8,13,12,2,15,0,4,1,11,5,3
NYC,10,2,50000,1.8,4.5762,1.5258,1.4044,0.1725,0.000426,0.008412641,0.6554,0.2697,0.0004,0.0114,1.8,1.5216,0.000426,0.008424361,13,15,14,10,2,7,8,3,9,4,1,11,12,0,6,5
NYC,10,2,50000,1.8,4.5762,1.5258,1.4044,0.1725,0.000426,0.008412641,0.6554,0.2697,0.0004,0.0114,1.8,1.5174,0.000429,0.008436072,13,15,14,11,10,7,9,2,8,12,4,1,3,6,0,5
NYC,100,2,50000,1.8,4.5762,1.5258,1.4044,0.1725,0.000426,0.008412641,0.6554,0.2697,0.0004,0.0114,1.8,1.5216,0.000426,0.008424361,14,13,15,7,10,9,8,2,12,6,11,4,1,0,3,5
NYC,100,2,50000,1.8,4.5762,1.5258,1.4044,0.1725,0.000426,0.008412641,0.6554,0.2697,0.0004,0.0114,1.8,1.5174,0.000429,0.008436072,14,13,15,7,10,9,8,2,12,6,4,11,1,0,3,5
NYC,1000,2,50000,1.8,4.5762,1.5258,1.4044,0.1725,0.000426,0.008412641,0.6554,0.2697,0.0004,0.0114,1.8,1.5216,0.000426,0.008424361,14,7,10,9,8,6,13,2,12,15,0,4,11,1,5,3
NYC,1000,2,50000,1.8,4.5762,1.5258,1.4044,0.1725,0.000426,0.008412641,0.6554,0.2697,0.0004,0.0114,1.8,1.5174,0.000429,0.008436072,14,7,10,9,8,6,13,12,2,0,15,4,1,11,3,5
NYC,10,2,100000,1.7272726999999999,4.3794,1.4598,1.3786,0.1713,0.000234,0.002203827,0.685,0.3255,0.0002,0.0048,1.8181819,1.4694,0.00023199999999999997,0.0021965120000000003,13,15,14,2,7,11,10,9,8,3,4,1,0,12,6,5
NYC,10,2,100000,1.7272726999999999,4.3794,1.4598,1.3786,0.1713,0.000234,0.002203827,0.685,0.3255,0.0002,0.0048,1.8181819,1.464,0.000234,0.002201062,13,15,14,7,9,10,4,2,11,8,3,1,12,0,6,5
NYC,100,2,100000,1.7272726999999999,4.3794,1.4598,1.3786,0.1713,0.000234,0.002203827,0.685,0.3255,0.0002,0.0048,1.8181819,1.4694,0.00023199999999999997,0.0021965120000000003,14,13,15,7,10,8,9,12,2,6,4,11,1,3,0,5
NYC,100,2,100000,1.7272726999999999,4.3794,1.4598,1.3786,0.1713,0.000234,0.002203827,0.685,0.3255,0.0002,0.0048,1.8181819,1.464,0.000234,0.002201062,14,13,15,7,10,9,8,2,12,6,4,11,1,0,3,5
NYC,1000,2,100000,1.7272726999999999,4.3794,1.4598,1.3786,0.1713,0.000234,0.002203827,0.685,0.3255,0.0002,0.0048,1.8181819,1.4694,0.00023199999999999997,0.0021965120000000003,14,7,10,9,8,6,13,12,2,15,0,4,1,11,3,5
NYC,1000,2,100000,1.7272726999999999,4.3794,1.4598,1.3786,0.1713,0.000234,0.002203827,0.685,0.3255,0.0002,0.0048,1.8181819,1.464,0.000234,0.002201062,14,7,10,9,8,6,13,12,2,0,15,4,1,11,3,5
NYC,10,2,500000,1.7142857,3.36096,1.0906,1.245,0.1477,0.00010400000000000001,0.0013993329999999998,0.917,0.7649,0.0001,0.0019,1.7142857,1.0909,0.00010400000000000001,0.0013997220000000002,13,15,14,2,7,4,1,10,9,11,8,12,0,3,6,5
NYC,10,2,500000,1.7142857,3.36096,1.0906,1.245,0.1477,0.00010400000000000001,0.0013993329999999998,0.917,0.7649,0.0001,0.0019,1.7142857,1.083,0.000105,0.001404855,13,15,14,2,11,10,8,7,1,9,4,3,12,0,6,5
NYC,100,2,500000,1.7142857,3.36096,1.0906,1.245,0.1477,0.00010400000000000001,0.0013993329999999998,0.917,0.7649,0.0001,0.0019,1.7142857,1.0909,0.00010400000000000001,0.0013997220000000002,13,14,15,10,7,9,8,12,2,4,6,11,1,0,3,5
NYC,100,2,500000,1.7142857,3.36096,1.0906,1.245,0.1477,0.00010400000000000001,0.0013993329999999998,0.917,0.7649,0.0001,0.0019,1.7142857,1.083,0.000105,0.001404855,13,14,15,7,10,9,8,2,12,4,11,6,1,0,3,5
NYC,1000,2,500000,1.7142857,3.36096,1.0906,1.245,0.1477,0.00010400000000000001,0.0013993329999999998,0.917,0.7649,0.0001,0.0019,1.7142857,1.0909,0.00010400000000000001,0.0013997220000000002,14,7,13,10,9,8,15,6,12,2,0,4,1,11,3,5
NYC,1000,2,500000,1.7142857,3.36096,1.0906,1.245,0.1477,0.00010400000000000001,0.0013993329999999998,0.917,0.7649,0.0001,0.0019,1.7142857,1.083,0.000105,0.001404855,14,13,7,10,9,8,15,6,12,2,0,4,11,1,3,5
NYC,10,2,1000000,1.7333333,2.72919,0.8617,1.2217,0.1448,8.03e-05,0.000567,1.1604,1.2947,0.0001,0.0007,1.6666666,0.862,7.99e-05,0.000566,13,15,14,2,10,8,1,7,11,9,4,12,3,0,6,5
NYC,100,2,1000000,1.7333333,2.72919,0.8617,1.2217,0.1448,8.03e-05,0.000567,1.1604,1.2947,0.0001,0.0007,1.6666666,0.862,7.99e-05,0.000566,13,14,15,7,10,9,8,12,2,4,11,6,1,3,0,5
NYC,1000,2,1000000,1.7333333,2.72919,0.8617,1.2217,0.1448,8.03e-05,0.000567,1.1604,1.2947,0.0001,0.0007,1.6666666,0.862,7.99e-05,0.000566,14,13,15,7,10,9,8,12,6,2,0,1,4,11,3,5
Shuttle,10,10,14500,3.0,0.188275862,0.0641,1.6815,0.8137,0.013902833,0.028850217999999997,15.5914,63.2506,0.0591,0.19,3.125,0.0724,0.01233803,0.02749883,3,5,6,13,0,10,14,2,7,8,11,4,15,9,1,12
Shuttle,100,10,14500,3.0,0.188275862,0.0641,1.6815,0.8137,0.013902833,0.028850217999999997,15.5914,63.2506,0.0591,0.19,3.125,0.0724,0.01233803,0.02749883,13,12,7,8,10,15,9,6,4,2,11,14,3,5,0,1
Shuttle,1000,10,14500,3.0,0.188275862,0.0641,1.6815,0.8137,0.013902833,0.028850217999999997,15.5914,63.2506,0.0591,0.19,3.125,0.0724,0.01233803,0.02749883,14,7,10,9,8,6,13,2,12,0,15,4,1,11,5,3
Shuttle,10,2,1000,2.6,4.17,1.35,1.6044,0.4685,0.0010610860000000001,0.0010011739999999999,0.7407,1.0865,0.0243,0.1472,2.6,1.35,0.001,0.001,14,10,13,9,8,7,11,12,4,15,3,0,2,6,5,1
Shuttle,100,2,1000,2.6,4.17,1.35,1.6044,0.4685,0.0010610860000000001,0.0010011739999999999,0.7407,1.0865,0.0243,0.1472,2.6,1.35,0.001,0.001,6,13,7,3,14,8,2,4,10,9,5,12,0,15,1,11
Shuttle,1000,2,1000,2.6,4.17,1.35,1.6044,0.4685,0.0010610860000000001,0.0010011739999999999,0.7407,1.0865,0.0243,0.1472,2.6,1.35,0.001,0.001,6,13,5,15,14,10,7,0,8,9,3,2,12,4,1,11
Shuttle,10,2,5000,2.4285715,2.028,0.648,1.7209,0.3639,0.004106123,0.029053201,1.5432,3.6549,0.0122,0.0792,2.2857144,0.516,0.0052,0.0325,6,3,13,0,5,14,2,8,7,15,9,11,4,10,1,12
Shuttle,100,2,5000,2.4285715,2.028,0.648,1.7209,0.3639,0.004106123,0.029053201,1.5432,3.6549,0.0122,0.0792,2.2857144,0.516,0.0052,0.0325,6,14,3,13,7,12,10,8,5,9,15,2,0,4,11,1
Shuttle,1000,2,5000,2.4285715,2.028,0.648,1.7209,0.3639,0.004106123,0.029053201,1.5432,3.6549,0.0122,0.0792,2.2857144,0.516,0.0052,0.0325,6,13,14,15,10,7,8,9,5,4,12,11,0,3,2,1
Shuttle,10,2,10000,2.25,0.909,0.29100000000000004,1.6159999999999999,0.4153,0.0069502259999999995,0.044441778,3.4364,8.2782,0.0161,0.0824,2.375,0.312,0.0065,0.043,13,14,0,2,11,10,15,9,7,8,1,4,3,6,12,5
Shuttle,100,2,10000,2.25,0.909,0.29100000000000004,1.6159999999999999,0.4153,0.0069502259999999995,0.044441778,3.4364,8.2782,0.0161,0.0824,2.375,0.312,0.0065,0.043,14,13,15,7,8,10,12,6,9,2,0,4,11,1,3,5
Shuttle,1000,2,10000,2.25,0.909,0.29100000000000004,1.6159999999999999,0.4153,0.0069502259999999995,0.044441778,3.4364,8.2782,0.0161,0.0824,2.375,0.312,0.0065,0.043,6,13,15,14,10,7,8,9,0,5,2,12,4,1,11,3
Shuttle,10,10,1000,3.2,2.91,0.99,1.8848,0.7033,0.002017646,0.001465545,1.0101,1.2781,0.0385,0.1722,2.8,1.05,0.0021,0.0015,3,6,2,0,7,4,1,8,9,10,14,5,13,11,12,15
Shuttle,100,10,1000,3.2,2.91,0.99,1.8848,0.7033,0.002017646,0.001465545,1.0101,1.2781,0.0385,0.1722,2.8,1.05,0.0021,0.0015,14,6,7,13,8,3,9,2,15,0,4,1,10,12,11,5
Shuttle,1000,10,1000,3.2,2.91,0.99,1.8848,0.7033,0.002017646,0.001465545,1.0101,1.2781,0.0385,0.1722,2.8,1.05,0.0021,0.0015,6,13,10,7,8,14,15,9,5,0,2,4,1,3,12,11
Shuttle,10,10,5000,3.4285714999999994,1.248,0.42,2.0265,0.6732,0.004298265999999999,0.013444908,2.381,3.5961,0.0224,0.1205,2.7142856,0.54,0.0035,0.0119,0,1,14,7,9,11,10,8,4,2,3,6,12,5,13,15
Shuttle,100,10,5000,3.4285714999999994,1.248,0.42,2.0265,0.6732,0.004298265999999999,0.013444908,2.381,3.5961,0.0224,0.1205,2.7142856,0.54,0.0035,0.0119,14,10,13,7,15,9,8,11,6,12,2,0,3,1,4,5
Shuttle,1000,10,5000,3.4285714999999994,1.248,0.42,2.0265,0.6732,0.004298265999999999,0.013444908,2.381,3.5961,0.0224,0.1205,2.7142856,0.54,0.0035,0.0119,14,7,6,9,8,10,13,2,15,0,4,1,12,11,5,3
Shuttle,10,10,10000,2.75,0.831,0.27899999999999997,1.75,0.4976,0.006199321,0.022595626,3.5842,10.4172,0.0191,0.1068,2.875,0.33,0.0054,0.0209,2,14,11,0,8,3,7,4,10,6,9,1,13,12,15,5
Shuttle,100,10,10000,2.75,0.831,0.27899999999999997,1.75,0.4976,0.006199321,0.022595626,3.5842,10.4172,0.0191,0.1068,2.875,0.33,0.0054,0.0209,14,10,13,7,12,15,8,9,11,6,2,0,4,1,3,5
Shuttle,1000,10,10000,2.75,0.831,0.27899999999999997,1.75,0.4976,0.006199321,0.022595626,3.5842,10.4172,0.0191,0.1068,2.875,0.33,0.0054,0.0209,14,7,8,9,10,6,13,2,0,15,12,4,1,11,5,3
Skin,10,2,1000,2.0,5.79,1.95,1.4431,0.3569,0.013235314,0.021032943999999998,0.5128,0.2703,0.017,0.0238,1.8,1.71,0.01575981,0.02187784,10,9,11,13,8,7,14,12,2,3,4,1,0,6,5,15
Skin,10,2,1000,2.0,5.79,1.95,1.4431,0.3569,0.013235314,0.021032943999999998,0.5128,0.2703,0.017,0.0238,1.8,1.68,0.01603525,0.02210973,14,13,2,15,3,11,0,1,7,4,8,12,10,9,6,5
Skin,100,2,1000,2.0,5.79,1.95,1.4431,0.3569,0.013235314,0.021032943999999998,0.5128,0.2703,0.017,0.0238,1.8,1.68,0.01603525,0.02210973,6,3,2,0,7,4,1,8,10,9,13,5,14,11,12,15
Skin,1000,2,1000,2.0,5.79,1.95,1.4431,0.3569,0.013235314,0.021032943999999998,0.5128,0.2703,0.017,0.0238,1.8,1.68,0.01603525,0.02210973,6,15,14,7,10,8,9,5,13,4,0,12,3,11,2,1
Skin,10,2,10000,2.0,4.47,1.4340000000000002,1.2887,0.2459,0.011761948000000001,0.012007233,0.6974,0.4167,0.0107,0.0131,1.875,1.44,0.01160479,0.01237741,13,7,3,4,14,6,5,15,2,10,0,9,11,12,8,1
Skin,10,2,10000,2.0,4.47,1.4340000000000002,1.2887,0.2459,0.011761948000000001,0.012007233,0.6974,0.4167,0.0107,0.0131,2.0,1.431,0.01195188,0.01267213,13,3,0,6,10,7,9,11,8,2,12,4,1,5,14,15
Skin,100,2,10000,2.0,4.47,1.4340000000000002,1.2887,0.2459,0.011761948000000001,0.012007233,0.6974,0.4167,0.0107,0.0131,2.0,1.431,0.01195188,0.01267213,14,7,10,3,9,13,6,8,2,15,12,4,11,0,5,1
Skin,1000,2,10000,2.0,4.47,1.4340000000000002,1.2887,0.2459,0.011761948000000001,0.012007233,0.6974,0.4167,0.0107,0.0131,2.0,1.431,0.01195188,0.01267213,6,14,7,10,8,9,13,2,0,15,4,12,11,5,3,1
Skin,10,2,100000,1.7272726999999999,3.6282,1.0608,1.2619,0.1894,0.005944639,0.010997996000000001,0.9427,1.7519999999999998,0.0067,0.0123,1.7272726999999999,1.0866,0.00572004,0.01035586,13,15,14,2,1,9,11,10,7,8,4,12,6,3,0,5
Skin,10,2,100000,1.7272726999999999,3.6282,1.0608,1.2619,0.1894,0.005944639,0.010997996000000001,0.9427,1.7519999999999998,0.0067,0.0123,1.7272726999999999,1.0521,0.00601751,0.01096673,13,14,15,3,7,10,11,9,4,8,0,2,12,6,1,5
Skin,100,2,100000,1.7272726999999999,3.6282,1.0608,1.2619,0.1894,0.005944639,0.010997996000000001,0.9427,1.7519999999999998,0.0067,0.0123,1.7272726999999999,1.0521,0.00601751,0.01096673,14,13,7,10,15,8,6,9,3,12,2,0,11,4,1,5
Skin,1000,2,100000,1.7272726999999999,3.6282,1.0608,1.2619,0.1894,0.005944639,0.010997996000000001,0.9427,1.7519999999999998,0.0067,0.0123,1.7272726999999999,1.0521,0.00601751,0.01096673,14,7,10,13,9,8,6,12,0,15,2,4,1,11,3,5
Spam,10,57,4601,2.857143,2.3538361230000002,0.789,1.6907,0.4812,0.009128200999999999,0.045900837,1.2675,1.9669999999999999,0.0101,0.0631,2.857143,0.815,0.00884188,0.04518884,14,13,3,10,9,15,8,11,7,2,12,4,6,0,1,5
Spam,100,57,4601,2.857143,2.3538361230000002,0.789,1.6907,0.4812,0.009128200999999999,0.045900837,1.2675,1.9669999999999999,0.0101,0.0631,2.857143,0.815,0.00884188,0.04518884,14,9,8,7,4,3,15,10,12,11,6,2,13,1,0,5
Spam,1000,57,4601,2.857143,2.3538361230000002,0.789,1.6907,0.4812,0.009128200999999999,0.045900837,1.2675,1.9669999999999999,0.0101,0.0631,2.857143,0.815,0.00884188,0.04518884,14,9,7,8,2,10,4,6,3,13,1,15,11,12,0,5
Spam,10,2,1000,2.2,2.7,0.9,1.2533,0.3757,0.06566351,0.075966799,1.1111,2.9522,0.0737,0.1319,2.4,0.96,0.0611001,0.07522151,13,9,12,8,10,4,7,14,11,2,1,5,0,3,15,6
Spam,100,2,1000,2.2,2.7,0.9,1.2533,0.3757,0.06566351,0.075966799,1.1111,2.9522,0.0737,0.1319,2.4,0.96,0.0611001,0.07522151,13,14,8,10,9,6,15,3,7,2,0,12,5,4,11,1
Spam,1000,2,1000,2.2,2.7,0.9,1.2533,0.3757,0.06566351,0.075966799,1.1111,2.9522,0.0737,0.1319,2.4,0.96,0.0611001,0.07522151,6,14,15,13,10,7,8,9,0,5,2,4,1,12,3,11
Spam,10,10,1000,2.6,4.62,1.56,1.7769,0.4894,0.035407782,0.022519603,0.6409999999999999,0.7319,0.0454,0.138,4.2,1.59,0.03336496,0.02383751,6,3,0,14,2,13,7,9,10,11,4,1,8,12,5,15
Spam,100,10,1000,2.6,4.62,1.56,1.7769,0.4894,0.035407782,0.022519603,0.6409999999999999,0.7319,0.0454,0.138,4.2,1.59,0.03336496,0.02383751,14,6,7,8,13,9,15,10,2,0,3,4,12,11,1,5
Spam,1000,10,1000,2.6,4.62,1.56,1.7769,0.4894,0.035407782,0.022519603,0.6409999999999999,0.7319,0.0454,0.138,4.2,1.59,0.03336496,0.02383751,6,14,7,10,8,9,15,13,4,0,2,5,1,3,12,11
Spam,10,20,1000,3.0,3.54,1.2,1.855,0.687,0.076337372,0.046869960999999995,0.8333,1.1918,0.0753,0.1561,3.8,1.32,0.07069502,0.05184791,3,0,6,13,14,5,15,2,4,1,12,7,8,9,11,10
Spam,100,20,1000,3.0,3.54,1.2,1.855,0.687,0.076337372,0.046869960999999995,0.8333,1.1918,0.0753,0.1561,3.8,1.32,0.07069502,0.05184791,14,6,7,13,8,9,15,3,2,0,10,12,4,5,11,1
Spam,1000,20,1000,3.0,3.54,1.2,1.855,0.687,0.076337372,0.046869960999999995,0.8333,1.1918,0.0753,0.1561,3.8,1.32,0.07069502,0.05184791,6,7,8,14,10,9,4,13,2,15,5,0,3,1,12,11
Spam,10,30,1000,3.6,3.72,1.26,1.9762,0.8295,0.09009751699999999,0.058748787000000004,0.7937,1.0234,0.0925,0.1647,3.8,1.14,0.08405286,0.06760848,6,3,0,14,2,4,1,11,7,9,10,13,8,12,15,5
Spam,100,30,1000,3.6,3.72,1.26,1.9762,0.8295,0.09009751699999999,0.058748787000000004,0.7937,1.0234,0.0925,0.1647,3.8,1.14,0.08405286,0.06760848,14,6,7,8,9,13,3,15,2,11,4,1,0,12,10,5
Spam,1000,30,1000,3.6,3.72,1.26,1.9762,0.8295,0.09009751699999999,0.058748787000000004,0.7937,1.0234,0.0925,0.1647,3.8,1.14,0.08405286,0.06760848,6,7,10,8,9,14,4,2,13,15,0,5,3,1,12,11
Spam,10,40,1000,3.6,3.9,1.32,1.95,0.7909999999999999,0.080765491,0.06294867400000001,0.7576,1.3218,0.0965,0.1602,2.6,1.02,0.09801677,0.06300207,6,3,0,14,11,7,10,9,2,1,4,8,12,13,15,5
Spam,100,40,1000,3.6,3.9,1.32,1.95,0.7909999999999999,0.080765491,0.06294867400000001,0.7576,1.3218,0.0965,0.1602,2.6,1.02,0.09801677,0.06300207,14,6,9,7,8,3,2,13,4,11,15,1,0,12,10,5
Spam,1000,40,1000,3.6,3.9,1.32,1.95,0.7909999999999999,0.080765491,0.06294867400000001,0.7576,1.3218,0.0965,0.1602,2.6,1.02,0.09801677,0.06300207,6,10,9,14,7,8,13,15,4,2,3,1,0,5,12,11
Spam,10,50,1000,3.4,4.17,1.41,2.0213,0.7885,0.08183263,0.05787253,0.7092,1.0611,0.0903,0.1536,2.8,1.02,0.09743715,0.06146672,6,3,2,14,11,0,4,7,9,1,10,8,12,13,15,5
Spam,100,50,1000,3.4,4.17,1.41,2.0213,0.7885,0.08183263,0.05787253,0.7092,1.0611,0.0903,0.1536,2.8,1.02,0.09743715,0.06146672,14,3,7,8,13,9,6,2,15,4,1,11,12,0,10,5
Spam,1000,50,1000,3.4,4.17,1.41,2.0213,0.7885,0.08183263,0.05787253,0.7092,1.0611,0.0903,0.1536,2.8,1.02,0.09743715,0.06146672,6,7,10,8,14,9,2,4,3,13,15,1,5,0,12,11
Spatial,10,2,1000,2.0,4.98,1.68,1.3321,0.3077,0.010639123,0.015035018,0.5952,0.2825,0.022000000000000002,0.027999999999999997,2.0,1.62,0.011000000000000001,0.0153,15,13,14,10,11,4,7,9,12,8,3,2,0,6,1,5
Spatial,100,2,1000,2.0,4.98,1.68,1.3321,0.3077,0.010639123,0.015035018,0.5952,0.2825,0.022000000000000002,0.027999999999999997,2.0,1.62,0.011000000000000001,0.0153,6,7,14,8,9,10,2,3,4,12,0,13,5,1,11,15
Spatial,1000,2,1000,2.0,4.98,1.68,1.3321,0.3077,0.010639123,0.015035018,0.5952,0.2825,0.022000000000000002,0.027999999999999997,2.0,1.62,0.011000000000000001,0.0153,6,5,13,0,3,8,10,7,9,12,11,2,4,14,15,1
Spatial,10,2,5000,2.0,5.064,1.692,1.3521,0.2783,0.009240416999999999,0.017457188999999998,0.591,0.2851,0.0168,0.0327,2.0,1.686,0.0099,0.0195,13,14,15,6,10,7,8,11,9,12,4,3,5,2,0,1
Spatial,100,2,5000,2.0,5.064,1.692,1.3521,0.2783,0.009240416999999999,0.017457188999999998,0.591,0.2851,0.0168,0.0327,2.0,1.686,0.0099,0.0195,14,13,7,9,6,8,10,2,12,15,3,4,0,11,1,5
Spatial,1000,2,5000,2.0,5.064,1.692,1.3521,0.2783,0.009240416999999999,0.017457188999999998,0.591,0.2851,0.0168,0.0327,2.0,1.686,0.0099,0.0195,14,7,9,8,10,13,6,2,4,0,1,15,12,11,5,3
Spatial,10,2,10000,1.875,5.0969999999999995,1.7009999999999998,1.3472,0.2507,0.006197556,0.00975586,0.5879,0.2787,0.0133,0.0272,1.875,1.704,0.0064,0.0106,13,14,15,3,0,2,11,6,10,1,4,7,8,9,12,5
Spatial,100,2,10000,1.875,5.0969999999999995,1.7009999999999998,1.3472,0.2507,0.006197556,0.00975586,0.5879,0.2787,0.0133,0.0272,1.875,1.704,0.0064,0.0106,14,7,6,8,10,9,15,2,13,3,12,4,1,11,0,5
Spatial,1000,2,10000,1.875,5.0969999999999995,1.7009999999999998,1.3472,0.2507,0.006197556,0.00975586,0.5879,0.2787,0.0133,0.0272,1.875,1.704,0.0064,0.0106,6,14,7,10,9,8,2,13,4,1,0,12,15,11,5,3
Spatial,10,2,50000,1.8,4.7742,1.5918,1.2762,0.1988,0.004556798,0.004651355,0.6282,0.3347,0.0054,0.006999999999999999,2.0,1.5942,0.0046,0.0048,13,15,14,6,2,3,1,0,10,7,11,4,9,8,12,5
Spatial,100,2,50000,1.8,4.7742,1.5918,1.2762,0.1988,0.004556798,0.004651355,0.6282,0.3347,0.0054,0.006999999999999999,2.0,1.5942,0.0046,0.0048,14,13,7,10,9,15,8,6,12,2,3,4,11,1,0,5
Spatial,1000,2,50000,1.8,4.7742,1.5918,1.2762,0.1988,0.004556798,0.004651355,0.6282,0.3347,0.0054,0.006999999999999999,2.0,1.5942,0.0046,0.0048,14,10,7,9,8,6,13,2,12,0,4,1,11,15,3,5
Spatial,10,2,100000,1.9090909,4.746,1.5822,1.2535,0.1869,0.003832285,0.003628647,0.632,0.3127,0.0041,0.005,1.8181819,1.6002,0.0038,0.0036,13,15,14,3,6,2,7,11,4,10,9,8,0,1,12,5
Spatial,100,2,100000,1.9090909,4.746,1.5822,1.2535,0.1869,0.003832285,0.003628647,0.632,0.3127,0.0041,0.005,1.8181819,1.6002,0.0038,0.0036,14,13,7,10,9,15,8,6,2,12,3,4,0,11,1,5
Spatial,1000,2,100000,1.9090909,4.746,1.5822,1.2535,0.1869,0.003832285,0.003628647,0.632,0.3127,0.0041,0.005,1.8181819,1.6002,0.0038,0.0036,14,7,10,9,8,6,13,2,12,0,15,4,1,11,3,5
