dataset,k,dimension,trajectoryNumber,heightnew,nodecounts,leafnodes,depthmean,depthsd,radiusmean,radiussd,pointsmean,pointssd,disfathermean,disfathersd
Bigcross,10,57,1162000,1.6666666,4.73292599,1.5777,1.1698,0.1415,0.020292134,0.007258226,0.6339,0.275,0.0136,0.0092
Bigcross,100,57,1162000,1.6666666,4.73292599,1.5777,1.1698,0.1415,0.020292134,0.007258226,0.6339,0.275,0.0136,0.0092
Bigcross,1000,57,1162000,1.6666666,4.73292599,1.5777,1.1698,0.1415,0.020292134,0.007258226,0.6339,0.275,0.0136,0.0092
Bigcross,10,10,1000,2,4.53,1.53,1.3373,0.3486,0.062839208,0.023070092,0.6536,0.2072,0.0318,0.0168
Bigcross,100,10,1000,2,4.53,1.53,1.3373,0.3486,0.062839208,0.023070092,0.6536,0.2072,0.0318,0.0168
Bigcross,1000,10,1000,2,4.53,1.53,1.3373,0.3486,0.062839208,0.023070092,0.6536,0.2072,0.0318,0.0168
Bigcross,10,10,5000,1.8571428,4.74,1.584,1.2906,0.2311,0.05029155,0.018613256,0.6313,0.2268,0.0262,0.0162
Bigcross,100,10,5000,1.8571428,4.74,1.584,1.2906,0.2311,0.05029155,0.018613256,0.6313,0.2268,0.0262,0.0162
Bigcross,1000,10,5000,1.8571428,4.74,1.584,1.2906,0.2311,0.05029155,0.018613256,0.6313,0.2268,0.0262,0.0162
Bigcross,10,10,10000,1.75,4.782,1.596,1.2477,0.209,0.049228361,0.020897759,0.6266,0.2317,0.0266,0.0188
Bigcross,100,10,10000,1.75,4.782,1.596,1.2477,0.209,0.049228361,0.020897759,0.6266,0.2317,0.0266,0.0188
Bigcross,1000,10,10000,1.75,4.782,1.596,1.2477,0.209,0.049228361,0.020897759,0.6266,0.2317,0.0266,0.0188
Bigcross,10,10,50000,1.7,4.6752,1.5588,1.2526,0.1624,0.033557375,0.012647775,0.6415,0.2189,0.0174,0.0115
Bigcross,100,10,50000,1.7,4.6752,1.5588,1.2526,0.1624,0.033557375,0.012647775,0.6415,0.2189,0.0174,0.0115
Bigcross,1000,10,50000,1.7,4.6752,1.5588,1.2526,0.1624,0.033557375,0.012647775,0.6415,0.2189,0.0174,0.0115
Bigcross,10,10,100000,1.6363636,4.6542,1.5516,1.2324,0.154,0.027266653,0.009204637,0.6445,0.2174,0.0136,0.0079
Bigcross,100,10,100000,1.6363636,4.6542,1.5516,1.2324,0.154,0.027266653,0.009204637,0.6445,0.2174,0.0136,0.0079
Bigcross,1000,10,100000,1.6363636,4.6542,1.5516,1.2324,0.154,0.027266653,0.009204637,0.6445,0.2174,0.0136,0.0079
Bigcross,10,10,500000,1.5714285,4.56306,1.5211,1.1426,0.1242,0.020476118,0.005702399,0.6574,0.2473,0.0104,0.0061
Bigcross,100,10,500000,1.5714285,4.56306,1.5211,1.1426,0.1242,0.020476118,0.005702399,0.6574,0.2473,0.0104,0.0061
Bigcross,1000,10,500000,1.5714285,4.56306,1.5211,1.1426,0.1242,0.020476118,0.005702399,0.6574,0.2473,0.0104,0.0061
Bigcross,10,10,1000000,1.6,4.59849,1.5328,1.1375,0.1179,0.01856563,0.005548561,0.6524,0.2556,0.0096,0.0056
Bigcross,100,10,1000000,1.6,4.59849,1.5328,1.1375,0.1179,0.01856563,0.005548561,0.6524,0.2556,0.0096,0.0056
Bigcross,1000,10,1000000,1.6,4.59849,1.5328,1.1375,0.1179,0.01856563,0.005548561,0.6524,0.2556,0.0096,0.0056
Bigcross,10,20,1000,2,4.17,1.41,1.383,0.4284,0.105108726,0.063511663,0.7092,0.4096,0.0667,0.0513
Bigcross,100,20,1000,2,4.17,1.41,1.383,0.4284,0.105108726,0.063511663,0.7092,0.4096,0.0667,0.0513
Bigcross,1000,20,1000,2,4.17,1.41,1.383,0.4284,0.105108726,0.063511663,0.7092,0.4096,0.0667,0.0513
Bigcross,10,20,5000,2,4.794,1.602,1.3098,0.2456,0.082039034,0.041535116,0.6242,0.2414,0.0507,0.0479
Bigcross,100,20,5000,2,4.794,1.602,1.3098,0.2456,0.082039034,0.041535116,0.6242,0.2414,0.0507,0.0479
Bigcross,1000,20,5000,2,4.794,1.602,1.3098,0.2456,0.082039034,0.041535116,0.6242,0.2414,0.0507,0.0479
Bigcross,10,20,10000,1.625,4.611,1.539,1.2108,0.1747,0.070700515,0.029260051,0.6498,0.2134,0.0392,0.0237
Bigcross,100,20,10000,1.625,4.611,1.539,1.2108,0.1747,0.070700515,0.029260051,0.6498,0.2134,0.0392,0.0237
Bigcross,1000,20,10000,1.625,4.611,1.539,1.2108,0.1747,0.070700515,0.029260051,0.6498,0.2134,0.0392,0.0237
Bigcross,10,20,50000,1.8,4.7184,1.5732,1.2277,0.1627,0.051234844,0.01538604,0.6356,0.2262,0.0269,0.0152
Bigcross,100,20,50000,1.8,4.7184,1.5732,1.2277,0.1627,0.051234844,0.01538604,0.6356,0.2262,0.0269,0.0152
Bigcross,1000,20,50000,1.8,4.7184,1.5732,1.2277,0.1627,0.051234844,0.01538604,0.6356,0.2262,0.0269,0.0152
Bigcross,10,20,100000,1.7272727,4.6389,1.5465,1.2266,0.1644,0.041406806,0.010780091,0.6466,0.2294,0.0211,0.0106
Bigcross,100,20,100000,1.7272727,4.6389,1.5465,1.2266,0.1644,0.041406806,0.010780091,0.6466,0.2294,0.0211,0.0106
Bigcross,1000,20,100000,1.7272727,4.6389,1.5465,1.2266,0.1644,0.041406806,0.010780091,0.6466,0.2294,0.0211,0.0106
Bigcross,10,20,500000,1.6428572,4.6194,1.5398,1.1468,0.1413,0.024946286,0.008530649,0.6494,0.2919,0.0166,0.0104
Bigcross,100,20,500000,1.6428572,4.6194,1.5398,1.1468,0.1413,0.024946286,0.008530649,0.6494,0.2919,0.0166,0.0104
Bigcross,1000,20,500000,1.6428572,4.6194,1.5398,1.1468,0.1413,0.024946286,0.008530649,0.6494,0.2919,0.0166,0.0104
Bigcross,10,20,1000000,1.6666666,4.59516,1.5317,1.1441,0.1348,0.022058535,0.007567287,0.6529,0.3182,0.0143,0.0096
Bigcross,100,20,1000000,1.6666666,4.59516,1.5317,1.1441,0.1348,0.022058535,0.007567287,0.6529,0.3182,0.0143,0.0096
Bigcross,1000,20,1000000,1.6666666,4.59516,1.5317,1.1441,0.1348,0.022058535,0.007567287,0.6529,0.3182,0.0143,0.0096
Bigcross,10,30,1000,2,4.53,1.53,1.3569,0.3722,0.099063265,0.060093079,0.6536,0.2485,0.0616,0.055
Bigcross,100,30,1000,2,4.53,1.53,1.3569,0.3722,0.099063265,0.060093079,0.6536,0.2485,0.0616,0.055
Bigcross,1000,30,1000,2,4.53,1.53,1.3569,0.3722,0.099063265,0.060093079,0.6536,0.2485,0.0616,0.055
Bigcross,10,30,5000,1.8571428,4.902,1.638,1.2831,0.2158,0.080718115,0.038098741,0.6105,0.2399,0.05,0.0484
Bigcross,100,30,5000,1.8571428,4.902,1.638,1.2831,0.2158,0.080718115,0.038098741,0.6105,0.2399,0.05,0.0484
Bigcross,1000,30,5000,1.8571428,4.902,1.638,1.2831,0.2158,0.080718115,0.038098741,0.6105,0.2399,0.05,0.0484
Bigcross,10,30,10000,1.75,4.701,1.569,1.2299,0.1851,0.069119728,0.027858101,0.6373,0.2157,0.04,0.0282
Bigcross,100,30,10000,1.75,4.701,1.569,1.2299,0.1851,0.069119728,0.027858101,0.6373,0.2157,0.04,0.0282
Bigcross,1000,30,10000,1.75,4.701,1.569,1.2299,0.1851,0.069119728,0.027858101,0.6373,0.2157,0.04,0.0282
Bigcross,10,30,50000,1.7,4.74,1.5804,1.2255,0.1607,0.050891382,0.015495383,0.6328,0.2388,0.0269,0.0158
Bigcross,100,30,50000,1.7,4.74,1.5804,1.2255,0.1607,0.050891382,0.015495383,0.6328,0.2388,0.0269,0.0158
Bigcross,1000,30,50000,1.7,4.74,1.5804,1.2255,0.1607,0.050891382,0.015495383,0.6328,0.2388,0.0269,0.0158
Bigcross,10,30,100000,1.7272727,4.6767,1.5591,1.2433,0.173,0.041437584,0.01098436,0.6414,0.2362,0.0214,0.0115
Bigcross,100,30,100000,1.7272727,4.6767,1.5591,1.2433,0.173,0.041437584,0.01098436,0.6414,0.2362,0.0214,0.0115
Bigcross,1000,30,100000,1.7272727,4.6767,1.5591,1.2433,0.173,0.041437584,0.01098436,0.6414,0.2362,0.0214,0.0115
Bigcross,10,30,500000,1.5714285,4.61994,1.54,1.1466,0.1387,0.024959852,0.00850946,0.6493,0.2897,0.0166,0.0104
Bigcross,100,30,500000,1.5714285,4.61994,1.54,1.1466,0.1387,0.024959852,0.00850946,0.6493,0.2897,0.0166,0.0104
Bigcross,1000,30,500000,1.5714285,4.61994,1.54,1.1466,0.1387,0.024959852,0.00850946,0.6493,0.2897,0.0166,0.0104
Bigcross,10,30,1000000,1.5333333,4.61919,1.5397,1.1409,0.1329,0.021999223,0.007520625,0.6495,0.3073,0.0142,0.0095
Bigcross,100,30,1000000,1.5333333,4.61919,1.5397,1.1409,0.1329,0.021999223,0.007520625,0.6495,0.3073,0.0142,0.0095
Bigcross,1000,30,1000000,1.5333333,4.61919,1.5397,1.1409,0.1329,0.021999223,0.007520625,0.6495,0.3073,0.0142,0.0095
Bigcross,10,40,1000,2.2,4.17,1.41,1.4128,0.4729,0.10781151,0.0632355,0.7092,0.3124,0.0646,0.0508
Bigcross,100,40,1000,2.2,4.17,1.41,1.4128,0.4729,0.10781151,0.0632355,0.7092,0.3124,0.0646,0.0508
Bigcross,1000,40,1000,2.2,4.17,1.41,1.4128,0.4729,0.10781151,0.0632355,0.7092,0.3124,0.0646,0.0508
Bigcross,10,40,5000,1.8571428,4.722,1.578,1.2917,0.247,0.082082805,0.040630194,0.6337,0.2431,0.0478,0.045
Bigcross,100,40,5000,1.8571428,4.722,1.578,1.2917,0.247,0.082082805,0.040630194,0.6337,0.2431,0.0478,0.045
Bigcross,1000,40,5000,1.8571428,4.722,1.578,1.2917,0.247,0.082082805,0.040630194,0.6337,0.2431,0.0478,0.045
Bigcross,10,40,10000,1.625,4.629,1.545,1.2141,0.1729,0.070032946,0.029470999,0.6472,0.2293,0.04,0.0272
Bigcross,100,40,10000,1.625,4.629,1.545,1.2141,0.1729,0.070032946,0.029470999,0.6472,0.2293,0.04,0.0272
Bigcross,1000,40,10000,1.625,4.629,1.545,1.2141,0.1729,0.070032946,0.029470999,0.6472,0.2293,0.04,0.0272
Bigcross,10,40,50000,1.7,4.7274,1.5762,1.2293,0.1649,0.051293955,0.015528738,0.6344,0.2282,0.0266,0.0149
Bigcross,100,40,50000,1.7,4.7274,1.5762,1.2293,0.1649,0.051293955,0.015528738,0.6344,0.2282,0.0266,0.0149
Bigcross,1000,40,50000,1.7,4.7274,1.5762,1.2293,0.1649,0.051293955,0.015528738,0.6344,0.2282,0.0266,0.0149
Bigcross,10,40,100000,1.7272727,4.6047,1.5351,1.2383,0.1763,0.04166947,0.011200392,0.6514,0.2351,0.0211,0.0104
Bigcross,100,40,100000,1.7272727,4.6047,1.5351,1.2383,0.1763,0.04166947,0.011200392,0.6514,0.2351,0.0211,0.0104
Bigcross,1000,40,100000,1.7272727,4.6047,1.5351,1.2383,0.1763,0.04166947,0.011200392,0.6514,0.2351,0.0211,0.0104
Bigcross,10,40,500000,1.6428572,4.60464,1.5349,1.1485,0.1416,0.025000696,0.008537194,0.6515,0.294,0.0166,0.0104
Bigcross,100,40,500000,1.6428572,4.60464,1.5349,1.1485,0.1416,0.025000696,0.008537194,0.6515,0.294,0.0166,0.0104
Bigcross,1000,40,500000,1.6428572,4.60464,1.5349,1.1485,0.1416,0.025000696,0.008537194,0.6515,0.294,0.0166,0.0104
Bigcross,10,40,1000000,1.6666666,4.56204,1.5207,1.1461,0.1365,0.02213043,0.007598559,0.6576,0.3312,0.0142,0.0095
Bigcross,100,40,1000000,1.6666666,4.56204,1.5207,1.1461,0.1365,0.02213043,0.007598559,0.6576,0.3312,0.0142,0.0095
Bigcross,1000,40,1000000,1.6666666,4.56204,1.5207,1.1461,0.1365,0.02213043,0.007598559,0.6576,0.3312,0.0142,0.0095
Bigcross,10,50,1000,2.2,4.44,1.5,1.42,0.4512,0.101950156,0.063790187,0.6667,0.3108,0.0599,0.0501
Bigcross,100,50,1000,2.2,4.44,1.5,1.42,0.4512,0.101950156,0.063790187,0.6667,0.3108,0.0599,0.0501
Bigcross,1000,50,1000,2.2,4.44,1.5,1.42,0.4512,0.101950156,0.063790187,0.6667,0.3108,0.0599,0.0501
Bigcross,10,50,5000,2,4.722,1.578,1.3183,0.2687,0.084717816,0.04260181,0.6337,0.2328,0.0475,0.0407
Bigcross,100,50,5000,2,4.722,1.578,1.3183,0.2687,0.084717816,0.04260181,0.6337,0.2328,0.0475,0.0407
Bigcross,1000,50,5000,2,4.722,1.578,1.3183,0.2687,0.084717816,0.04260181,0.6337,0.2328,0.0475,0.0407
Bigcross,10,50,10000,1.625,4.656,1.554,1.2155,0.1747,0.070149494,0.029953257,0.6435,0.222,0.0401,0.0282
Bigcross,100,50,10000,1.625,4.656,1.554,1.2155,0.1747,0.070149494,0.029953257,0.6435,0.222,0.0401,0.0282
Bigcross,1000,50,10000,1.625,4.656,1.554,1.2155,0.1747,0.070149494,0.029953257,0.6435,0.222,0.0401,0.0282
Bigcross,10,50,50000,1.7,4.7382,1.5798,1.2305,0.1646,0.051129487,0.016008875,0.633,0.2284,0.027,0.0157
Bigcross,100,50,50000,1.7,4.7382,1.5798,1.2305,0.1646,0.051129487,0.016008875,0.633,0.2284,0.027,0.0157
Bigcross,1000,50,50000,1.7,4.7382,1.5798,1.2305,0.1646,0.051129487,0.016008875,0.633,0.2284,0.027,0.0157
Bigcross,10,50,100000,1.7272727,4.6614,1.554,1.2236,0.1574,0.041525849,0.011047491,0.6435,0.2275,0.0212,0.011
Bigcross,100,50,100000,1.7272727,4.6614,1.554,1.2236,0.1574,0.041525849,0.011047491,0.6435,0.2275,0.0212,0.011
Bigcross,1000,50,100000,1.7272727,4.6614,1.554,1.2236,0.1574,0.041525849,0.011047491,0.6435,0.2275,0.0212,0.011
Bigcross,10,50,500000,1.5714285,4.65612,1.5521,1.1469,0.14,0.024886626,0.008501685,0.6443,0.2838,0.0166,0.0103
Bigcross,100,50,500000,1.5714285,4.65612,1.5521,1.1469,0.14,0.024886626,0.008501685,0.6443,0.2838,0.0166,0.0103
Bigcross,1000,50,500000,1.5714285,4.65612,1.5521,1.1469,0.14,0.024886626,0.008501685,0.6443,0.2838,0.0166,0.0103
Bigcross,10,50,1000000,1.6,4.58328,1.5278,1.1462,0.1358,0.022111151,0.007550823,0.6545,0.3228,0.0142,0.0095
Bigcross,100,50,1000000,1.6,4.58328,1.5278,1.1462,0.1358,0.022111151,0.007550823,0.6545,0.3228,0.0142,0.0095
Bigcross,1000,50,1000000,1.6,4.58328,1.5278,1.1462,0.1358,0.022111151,0.007550823,0.6545,0.3228,0.0142,0.0095
conf,10,3,164860,1.9166666,4.246876137,1.4157,1.2912,0.1797,0.02449491,0.020213389,0.7063,0.3823,0.0143,0.0176
conf,100,3,164860,1.9166666,4.246876137,1.4157,1.2912,0.1797,0.02449491,0.020213389,0.7063,0.3823,0.0143,0.0176
conf,1000,3,164860,1.9166666,4.246876137,1.4157,1.2912,0.1797,0.02449491,0.020213389,0.7063,0.3823,0.0143,0.0176
conf,10,2,1000,2,5.25,1.77,1.4508,0.3427,0.044076052,0.033692779,0.565,0.3077,0.0601,0.1284
conf,100,2,1000,2,5.25,1.77,1.4508,0.3427,0.044076052,0.033692779,0.565,0.3077,0.0601,0.1284
conf,1000,2,1000,2,5.25,1.77,1.4508,0.3427,0.044076052,0.033692779,0.565,0.3077,0.0601,0.1284
conf,10,2,5000,2,4.632,1.548,1.4197,0.2964,0.034435392,0.041839665,0.646,0.3158,0.0262,0.0367
conf,100,2,5000,2,4.632,1.548,1.4197,0.2964,0.034435392,0.041839665,0.646,0.3158,0.0262,0.0367
conf,1000,2,5000,2,4.632,1.548,1.4197,0.2964,0.034435392,0.041839665,0.646,0.3158,0.0262,0.0367
conf,10,2,10000,2,4.629,1.545,1.3481,0.2636,0.025417383,0.028109502,0.6472,0.2584,0.0193,0.0291
conf,100,2,10000,2,4.629,1.545,1.3481,0.2636,0.025417383,0.028109502,0.6472,0.2584,0.0193,0.0291
conf,1000,2,10000,2,4.629,1.545,1.3481,0.2636,0.025417383,0.028109502,0.6472,0.2584,0.0193,0.0291
conf,10,2,50000,1.7,4.5294,1.5102,1.2934,0.1692,0.013138036,0.016533805,0.6622,0.2085,0.0093,0.0156
conf,100,2,50000,1.7,4.5294,1.5102,1.2934,0.1692,0.013138036,0.016533805,0.6622,0.2085,0.0093,0.0156
conf,1000,2,50000,1.7,4.5294,1.5102,1.2934,0.1692,0.013138036,0.016533805,0.6622,0.2085,0.0093,0.0156
conf,10,2,100000,1.8181819,4.4778,1.4928,1.2835,0.1501,0.0093378,0.011987305,0.6699,0.2079,0.0065,0.0111
conf,100,2,100000,1.8181819,4.4778,1.4928,1.2835,0.1501,0.0093378,0.011987305,0.6699,0.2079,0.0065,0.0111
conf,1000,2,100000,1.8181819,4.4778,1.4928,1.2835,0.1501,0.0093378,0.011987305,0.6699,0.2079,0.0065,0.0111
covtype,10,54,581000,1.6428572,4.587263339,1.5291,1.1761,0.1519,0.020361923,0.006706318,0.654,0.2568,0.0113,0.0072
covtype,100,54,581000,1.6428572,4.587263339,1.5291,1.1761,0.1519,0.020361923,0.006706318,0.654,0.2568,0.0113,0.0072
covtype,1000,54,581000,1.6428572,4.587263339,1.5291,1.1761,0.1519,0.020361923,0.006706318,0.654,0.2568,0.0113,0.0072
covtype,10,2,1000,1.4,4.44,1.5,1.196,0.1897,0.044250639,0.020116961,0.6667,0.1867,0.0276,0.0163
covtype,100,2,1000,1.4,4.44,1.5,1.196,0.1897,0.044250639,0.020116961,0.6667,0.1867,0.0276,0.0163
covtype,1000,2,1000,1.4,4.44,1.5,1.196,0.1897,0.044250639,0.020116961,0.6667,0.1867,0.0276,0.0163
covtype,10,2,5000,1.5714285,4.434,1.482,1.2088,0.1699,0.025780463,0.011966678,0.6748,0.2038,0.0163,0.0091
covtype,100,2,5000,1.5714285,4.434,1.482,1.2088,0.1699,0.025780463,0.011966678,0.6748,0.2038,0.0163,0.0091
covtype,1000,2,5000,1.5714285,4.434,1.482,1.2088,0.1699,0.025780463,0.011966678,0.6748,0.2038,0.0163,0.0091
covtype,10,2,10000,1.5,4.422,1.476,1.1845,0.1496,0.017775948,0.008383943,0.6775,0.1881,0.0121,0.0075
covtype,100,2,10000,1.5,4.422,1.476,1.1845,0.1496,0.017775948,0.008383943,0.6775,0.1881,0.0121,0.0075
covtype,1000,2,10000,1.5,4.422,1.476,1.1845,0.1496,0.017775948,0.008383943,0.6775,0.1881,0.0121,0.0075
covtype,10,2,50000,1.7,4.6704,1.47,1.2504,0.1653,0.004806981,0.006425168,0.6803,0.2956,0.005,0.0057
covtype,100,2,50000,1.7,4.6704,1.47,1.2504,0.1653,0.004806981,0.006425168,0.6803,0.2956,0.005,0.0057
covtype,1000,2,50000,1.7,4.6704,1.47,1.2504,0.1653,0.004806981,0.006425168,0.6803,0.2956,0.005,0.0057
covtype,10,2,100000,1.6363636,4.7025,1.2111,1.2302,0.1677,0.002390852,0.004637693,0.8257,0.5391,0.0036,0.0042
covtype,100,2,100000,1.6363636,4.7025,1.2111,1.2302,0.1677,0.002390852,0.004637693,0.8257,0.5391,0.0036,0.0042
covtype,1000,2,100000,1.6363636,4.7025,1.2111,1.2302,0.1677,0.002390852,0.004637693,0.8257,0.5391,0.0036,0.0042
covtype,10,2,500000,1.4285715,3.98922,0.5613,1.1571,0.1642,8.26E-04,0.003304491,1.7816,1.578,0.0017,0.0037
covtype,100,2,500000,1.4285715,3.98922,0.5613,1.1571,0.1642,8.26E-04,0.003304491,1.7816,1.578,0.0017,0.0037
covtype,1000,2,500000,1.4285715,3.98922,0.5613,1.1571,0.1642,8.26E-04,0.003304491,1.7816,1.578,0.0017,0.0037
covtype,10,10,1000,1.8,4.89,1.65,1.2145,0.1939,0.148006892,0.050451824,0.6061,0.2235,0.0959,0.0481
covtype,100,10,1000,1.8,4.89,1.65,1.2145,0.1939,0.148006892,0.050451824,0.6061,0.2235,0.0959,0.0481
covtype,1000,10,1000,1.8,4.89,1.65,1.2145,0.1939,0.148006892,0.050451824,0.6061,0.2235,0.0959,0.0481
covtype,10,10,5000,2,4.524,1.512,1.4144,0.3546,0.055699467,0.030725865,0.6614,0.2947,0.0306,0.0261
covtype,100,10,5000,2,4.524,1.512,1.4144,0.3546,0.055699467,0.030725865,0.6614,0.2947,0.0306,0.0261
covtype,1000,10,5000,2,4.524,1.512,1.4144,0.3546,0.055699467,0.030725865,0.6614,0.2947,0.0306,0.0261
covtype,10,10,10000,2.125,4.575,1.527,1.3558,0.2892,0.047246018,0.023230565,0.6549,0.2304,0.0258,0.0212
covtype,100,10,10000,2.125,4.575,1.527,1.3558,0.2892,0.047246018,0.023230565,0.6549,0.2304,0.0258,0.0212
covtype,1000,10,10000,2.125,4.575,1.527,1.3558,0.2892,0.047246018,0.023230565,0.6549,0.2304,0.0258,0.0212
covtype,10,10,50000,1.6,4.8174,1.6062,1.2344,0.1577,0.037528202,0.017866574,0.6226,0.2329,0.0231,0.0161
covtype,100,10,50000,1.6,4.8174,1.6062,1.2344,0.1577,0.037528202,0.017866574,0.6226,0.2329,0.0231,0.0161
covtype,1000,10,50000,1.6,4.8174,1.6062,1.2344,0.1577,0.037528202,0.017866574,0.6226,0.2329,0.0231,0.0161
covtype,10,10,100000,1.6363636,4.7892,1.5966,1.2086,0.1388,0.032153416,0.01366512,0.6263,0.2333,0.0195,0.013
covtype,100,10,100000,1.6363636,4.7892,1.5966,1.2086,0.1388,0.032153416,0.01366512,0.6263,0.2333,0.0195,0.013
covtype,1000,10,100000,1.6363636,4.7892,1.5966,1.2086,0.1388,0.032153416,0.01366512,0.6263,0.2333,0.0195,0.013
covtype,10,10,500000,1.5714285,4.44696,1.4824,1.1463,0.144,0.021194048,0.007182661,0.6746,0.3273,0.0119,0.008
covtype,100,10,500000,1.5714285,4.44696,1.4824,1.1463,0.144,0.021194048,0.007182661,0.6746,0.3273,0.0119,0.008
covtype,1000,10,500000,1.5714285,4.44696,1.4824,1.1463,0.144,0.021194048,0.007182661,0.6746,0.3273,0.0119,0.008
covtype,10,20,1000,1.6,4.62,1.56,1.1923,0.1838,0.148243773,0.042919738,0.641,0.218,0.0883,0.047
covtype,100,20,1000,1.6,4.62,1.56,1.1923,0.1838,0.148243773,0.042919738,0.641,0.218,0.0883,0.047
covtype,1000,20,1000,1.6,4.62,1.56,1.1923,0.1838,0.148243773,0.042919738,0.641,0.218,0.0883,0.047
covtype,10,20,5000,2.142857,4.506,1.506,1.4132,0.3546,0.053738661,0.029888692,0.664,0.302,0.0311,0.0258
covtype,100,20,5000,2.142857,4.506,1.506,1.4132,0.3546,0.053738661,0.029888692,0.664,0.302,0.0311,0.0258
covtype,1000,20,5000,2.142857,4.506,1.506,1.4132,0.3546,0.053738661,0.029888692,0.664,0.302,0.0311,0.0258
covtype,10,20,10000,1.875,4.647,1.551,1.3489,0.2753,0.047427468,0.023887328,0.6447,0.2288,0.0261,0.0208
covtype,100,20,10000,1.875,4.647,1.551,1.3489,0.2753,0.047427468,0.023887328,0.6447,0.2288,0.0261,0.0208
covtype,1000,20,10000,1.875,4.647,1.551,1.3489,0.2753,0.047427468,0.023887328,0.6447,0.2288,0.0261,0.0208
covtype,10,20,50000,1.7,4.7832,1.5948,1.2309,0.1554,0.037465146,0.018403198,0.627,0.233,0.023,0.0166
covtype,100,20,50000,1.7,4.7832,1.5948,1.2309,0.1554,0.037465146,0.018403198,0.627,0.233,0.023,0.0166
covtype,1000,20,50000,1.7,4.7832,1.5948,1.2309,0.1554,0.037465146,0.018403198,0.627,0.233,0.023,0.0166
covtype,10,20,100000,1.6363636,4.8243,1.6083,1.208,0.1361,0.031901985,0.013514993,0.6218,0.232,0.0196,0.0131
covtype,100,20,100000,1.6363636,4.8243,1.6083,1.208,0.1361,0.031901985,0.013514993,0.6218,0.232,0.0196,0.0131
covtype,1000,20,100000,1.6363636,4.8243,1.6083,1.208,0.1361,0.031901985,0.013514993,0.6218,0.232,0.0196,0.0131
covtype,10,20,500000,1.6428572,4.47486,1.4917,1.1462,0.1433,0.021153526,0.007061541,0.6704,0.3135,0.0119,0.0077
covtype,100,20,500000,1.6428572,4.47486,1.4917,1.1462,0.1433,0.021153526,0.007061541,0.6704,0.3135,0.0119,0.0077
covtype,1000,20,500000,1.6428572,4.47486,1.4917,1.1462,0.1433,0.021153526,0.007061541,0.6704,0.3135,0.0119,0.0077
covtype,10,30,1000,1.6,4.62,1.56,1.1962,0.186,0.155512464,0.053103158,0.641,0.2204,0.095,0.0472
covtype,100,30,1000,1.6,4.62,1.56,1.1962,0.186,0.155512464,0.053103158,0.641,0.2204,0.095,0.0472
covtype,1000,30,1000,1.6,4.62,1.56,1.1962,0.186,0.155512464,0.053103158,0.641,0.2204,0.095,0.0472
covtype,10,30,5000,2,4.614,1.542,1.3841,0.3207,0.054626572,0.030858588,0.6485,0.2565,0.0303,0.0247
covtype,100,30,5000,2,4.614,1.542,1.3841,0.3207,0.054626572,0.030858588,0.6485,0.2565,0.0303,0.0247
covtype,1000,30,5000,2,4.614,1.542,1.3841,0.3207,0.054626572,0.030858588,0.6485,0.2565,0.0303,0.0247
covtype,10,30,10000,1.875,4.485,1.497,1.3432,0.2779,0.048658736,0.023428803,0.668,0.2834,0.0262,0.0214
covtype,100,30,10000,1.875,4.485,1.497,1.3432,0.2779,0.048658736,0.023428803,0.668,0.2834,0.0262,0.0214
covtype,1000,30,10000,1.875,4.485,1.497,1.3432,0.2779,0.048658736,0.023428803,0.668,0.2834,0.0262,0.0214
covtype,10,30,50000,1.7,4.8264,1.6092,1.2334,0.157,0.03728476,0.0177942,0.6214,0.2327,0.0234,0.017
covtype,100,30,50000,1.7,4.8264,1.6092,1.2334,0.157,0.03728476,0.0177942,0.6214,0.2327,0.0234,0.017
covtype,1000,30,50000,1.7,4.8264,1.6092,1.2334,0.157,0.03728476,0.0177942,0.6214,0.2327,0.0234,0.017
covtype,10,30,100000,1.6363636,4.7928,1.5978,1.2055,0.1354,0.032183977,0.013637578,0.6259,0.2299,0.0198,0.0129
covtype,100,30,100000,1.6363636,4.7928,1.5978,1.2055,0.1354,0.032183977,0.013637578,0.6259,0.2299,0.0198,0.0129
covtype,1000,30,100000,1.6363636,4.7928,1.5978,1.2055,0.1354,0.032183977,0.013637578,0.6259,0.2299,0.0198,0.0129
covtype,10,30,500000,1.6428572,4.49718,1.4991,1.1458,0.1419,0.021136527,0.007057924,0.6671,0.3059,0.0119,0.0077
covtype,100,30,500000,1.6428572,4.49718,1.4991,1.1458,0.1419,0.021136527,0.007057924,0.6671,0.3059,0.0119,0.0077
covtype,1000,30,500000,1.6428572,4.49718,1.4991,1.1458,0.1419,0.021136527,0.007057924,0.6671,0.3059,0.0119,0.0077
covtype,10,40,1000,1.8,4.8,1.62,1.2259,0.2374,0.141989158,0.046369097,0.6173,0.2104,0.0957,0.0488
covtype,100,40,1000,1.8,4.8,1.62,1.2259,0.2374,0.141989158,0.046369097,0.6173,0.2104,0.0957,0.0488
covtype,1000,40,1000,1.8,4.8,1.62,1.2259,0.2374,0.141989158,0.046369097,0.6173,0.2104,0.0957,0.0488
covtype,10,40,5000,2,4.776,1.596,1.4211,0.3385,0.052948704,0.029855262,0.6266,0.2891,0.0308,0.0279
covtype,100,40,5000,2,4.776,1.596,1.4211,0.3385,0.052948704,0.029855262,0.6266,0.2891,0.0308,0.0279
covtype,1000,40,5000,2,4.776,1.596,1.4211,0.3385,0.052948704,0.029855262,0.6266,0.2891,0.0308,0.0279
covtype,10,40,10000,1.875,4.53,1.512,1.3549,0.2849,0.048394898,0.023065187,0.6614,0.2369,0.0257,0.0198
covtype,100,40,10000,1.875,4.53,1.512,1.3549,0.2849,0.048394898,0.023065187,0.6614,0.2369,0.0257,0.0198
covtype,1000,40,10000,1.875,4.53,1.512,1.3549,0.2849,0.048394898,0.023065187,0.6614,0.2369,0.0257,0.0198
covtype,10,40,50000,1.7,4.7616,1.5876,1.235,0.1582,0.037509989,0.01844022,0.6299,0.2329,0.023,0.0163
covtype,100,40,50000,1.7,4.7616,1.5876,1.235,0.1582,0.037509989,0.01844022,0.6299,0.2329,0.023,0.0163
covtype,1000,40,50000,1.7,4.7616,1.5876,1.235,0.1582,0.037509989,0.01844022,0.6299,0.2329,0.023,0.0163
covtype,10,40,100000,1.5454545,4.8189,1.6065,1.2061,0.1338,0.0319975,0.013498187,0.6225,0.232,0.0197,0.0134
covtype,100,40,100000,1.5454545,4.8189,1.6065,1.2061,0.1338,0.0319975,0.013498187,0.6225,0.232,0.0197,0.0134
covtype,1000,40,100000,1.5454545,4.8189,1.6065,1.2061,0.1338,0.0319975,0.013498187,0.6225,0.232,0.0197,0.0134
covtype,10,40,500000,1.6428572,4.44336,1.4812,1.1487,0.1445,0.021222142,0.007172281,0.6751,0.3186,0.0119,0.0077
covtype,100,40,500000,1.6428572,4.44336,1.4812,1.1487,0.1445,0.021222142,0.007172281,0.6751,0.3186,0.0119,0.0077
covtype,1000,40,500000,1.6428572,4.44336,1.4812,1.1487,0.1445,0.021222142,0.007172281,0.6751,0.3186,0.0119,0.0077
covtype,10,50,1000,1.8,4.62,1.56,1.2115,0.2163,0.148439329,0.054290198,0.641,0.2263,0.095,0.0516
covtype,100,50,1000,1.8,4.62,1.56,1.2115,0.2163,0.148439329,0.054290198,0.641,0.2263,0.095,0.0516
covtype,1000,50,1000,1.8,4.62,1.56,1.2115,0.2163,0.148439329,0.054290198,0.641,0.2263,0.095,0.0516
covtype,10,50,5000,1.8571428,4.812,1.608,1.3582,0.2882,0.052481637,0.02863074,0.6219,0.2287,0.0307,0.0261
covtype,100,50,5000,1.8571428,4.812,1.608,1.3582,0.2882,0.052481637,0.02863074,0.6219,0.2287,0.0307,0.0261
covtype,1000,50,5000,1.8571428,4.812,1.608,1.3582,0.2882,0.052481637,0.02863074,0.6219,0.2287,0.0307,0.0261
covtype,10,50,10000,1.75,4.701,1.569,1.3198,0.2423,0.046856552,0.023770731,0.6373,0.2175,0.026,0.0203
covtype,100,50,10000,1.75,4.701,1.569,1.3198,0.2423,0.046856552,0.023770731,0.6373,0.2175,0.026,0.0203
covtype,1000,50,10000,1.75,4.701,1.569,1.3198,0.2423,0.046856552,0.023770731,0.6373,0.2175,0.026,0.0203
covtype,10,50,50000,1.7,4.8138,1.605,1.2332,0.1545,0.037377619,0.018117373,0.6231,0.2353,0.0232,0.0167
covtype,100,50,50000,1.7,4.8138,1.605,1.2332,0.1545,0.037377619,0.018117373,0.6231,0.2353,0.0232,0.0167
covtype,1000,50,50000,1.7,4.8138,1.605,1.2332,0.1545,0.037377619,0.018117373,0.6231,0.2353,0.0232,0.0167
covtype,10,50,100000,1.6363636,4.7973,1.5993,1.2098,0.1399,0.032206701,0.013561686,0.6253,0.232,0.0196,0.0131
covtype,100,50,100000,1.6363636,4.7973,1.5993,1.2098,0.1399,0.032206701,0.013561686,0.6253,0.232,0.0196,0.0131
covtype,1000,50,100000,1.6363636,4.7973,1.5993,1.2098,0.1399,0.032206701,0.013561686,0.6253,0.232,0.0196,0.0131
covtype,10,50,500000,1.6428572,4.47558,1.4919,1.1459,0.1431,0.021174647,0.007117735,0.6703,0.3139,0.0119,0.0078
covtype,100,50,500000,1.6428572,4.47558,1.4919,1.1459,0.1431,0.021174647,0.007117735,0.6703,0.3139,0.0119,0.0078
covtype,1000,50,500000,1.6428572,4.47558,1.4919,1.1459,0.1431,0.021174647,0.007117735,0.6703,0.3139,0.0119,0.0078
euro,10,2,169300,2,2.01760189,0.6727,1.4361,0.198,0.002957935,0.012919854,1.4867,1.9999,0.002,0.011
euro,100,2,169300,2,2.01760189,0.6727,1.4361,0.198,0.002957935,0.012919854,1.4867,1.9999,0.002,0.011
euro,1000,2,169300,2,2.01760189,0.6727,1.4361,0.198,0.002957935,0.012919854,1.4867,1.9999,0.002,0.011
euro,10,2,1000,2.2,4.35,1.47,1.5265,0.4421,0.082563352,0.106803628,0.6803,0.3337,0.0533,0.0764
euro,100,2,1000,2.2,4.35,1.47,1.5265,0.4421,0.082563352,0.106803628,0.6803,0.3337,0.0533,0.0764
euro,1000,2,1000,2.2,4.35,1.47,1.5265,0.4421,0.082563352,0.106803628,0.6803,0.3337,0.0533,0.0764
euro,10,2,5000,2.2857144,3.354,1.122,1.5882,0.3594,0.017679777,0.028887293,0.8913,0.5555,0.0171,0.0576
euro,100,2,5000,2.2857144,3.354,1.122,1.5882,0.3594,0.017679777,0.028887293,0.8913,0.5555,0.0171,0.0576
euro,1000,2,5000,2.2857144,3.354,1.122,1.5882,0.3594,0.017679777,0.028887293,0.8913,0.5555,0.0171,0.0576
euro,10,2,10000,2.125,3.216,1.074,1.537,0.3049,0.011935788,0.019299472,0.9311,0.8382,0.011,0.0426
euro,100,2,10000,2.125,3.216,1.074,1.537,0.3049,0.011935788,0.019299472,0.9311,0.8382,0.011,0.0426
euro,1000,2,10000,2.125,3.216,1.074,1.537,0.3049,0.011935788,0.019299472,0.9311,0.8382,0.011,0.0426
euro,10,2,50000,2,2.6376,0.8796,1.461,0.247,0.006738391,0.015501878,1.1369,1.3975,0.0045,0.0138
euro,100,2,50000,2,2.6376,0.8796,1.461,0.247,0.006738391,0.015501878,1.1369,1.3975,0.0045,0.0138
euro,1000,2,50000,2,2.6376,0.8796,1.461,0.247,0.006738391,0.015501878,1.1369,1.3975,0.0045,0.0138
euro,10,2,100000,2,1.8129,0.6045,1.4856,0.2266,0.003725183,0.015901675,1.6543,2.5635,0.0026,0.0121
euro,100,2,100000,2,1.8129,0.6045,1.4856,0.2266,0.003725183,0.015901675,1.6543,2.5635,0.0026,0.0121
euro,1000,2,100000,2,1.8129,0.6045,1.4856,0.2266,0.003725183,0.015901675,1.6543,2.5635,0.0026,0.0121
KeggDirected,10,23,53400,2.8,1.064044944,0.3506,1.5679,0.3294,0.00191258,0.01459001,2.8526,17.8353,0.0023,0.0271
KeggDirected,100,23,53400,2.8,1.064044944,0.3506,1.5679,0.3294,0.00191258,0.01459001,2.8526,17.8353,0.0023,0.0271
KeggDirected,1000,23,53400,2.8,1.064044944,0.3506,1.5679,0.3294,0.00191258,0.01459001,2.8526,17.8353,0.0023,0.0271
KeggDirected,10,2,1000,2.2,3.63,1.23,1.5659,0.4415,0.01744556,0.041206261,0.813,0.861,0.0265,0.1139
KeggDirected,100,2,1000,2.2,3.63,1.23,1.5659,0.4415,0.01744556,0.041206261,0.813,0.861,0.0265,0.1139
KeggDirected,1000,2,1000,2.2,3.63,1.23,1.5659,0.4415,0.01744556,0.041206261,0.813,0.861,0.0265,0.1139
KeggDirected,10,2,5000,2.142857,3.174,1.002,1.4842,0.3211,0.008157041,0.024822695,0.998,1.4474,0.009,0.0545
KeggDirected,100,2,5000,2.142857,3.174,1.002,1.4842,0.3211,0.008157041,0.024822695,0.998,1.4474,0.009,0.0545
KeggDirected,1000,2,5000,2.142857,3.174,1.002,1.4842,0.3211,0.008157041,0.024822695,0.998,1.4474,0.009,0.0545
KeggDirected,10,2,10000,2,2.853,0.885,1.3877,0.2814,0.005527018,0.013106197,1.1299,2.136,0.0052,0.015
KeggDirected,100,2,10000,2,2.853,0.885,1.3877,0.2814,0.005527018,0.013106197,1.1299,2.136,0.0052,0.015
KeggDirected,1000,2,10000,2,2.853,0.885,1.3877,0.2814,0.005527018,0.013106197,1.1299,2.136,0.0052,0.015
KeggDirected,10,2,50000,1.7,2.0928,0.5784,1.2841,0.2205,0.00287036,0.006640986,1.7289,6.0912,0.0028,0.0076
KeggDirected,100,2,50000,1.7,2.0928,0.5784,1.2841,0.2205,0.00287036,0.006640986,1.7289,6.0912,0.0028,0.0076
KeggDirected,1000,2,50000,1.7,2.0928,0.5784,1.2841,0.2205,0.00287036,0.006640986,1.7289,6.0912,0.0028,0.0076
KeggDirected,10,10,1000,2.6,3.45,1.17,1.7026,0.5508,0.022364623,0.053946054,0.8547,0.6137,0.032,0.1185
KeggDirected,100,10,1000,2.6,3.45,1.17,1.7026,0.5508,0.022364623,0.053946054,0.8547,0.6137,0.032,0.1185
KeggDirected,1000,10,1000,2.6,3.45,1.17,1.7026,0.5508,0.022364623,0.053946054,0.8547,0.6137,0.032,0.1185
KeggDirected,10,10,5000,2.7142856,3.042,1.014,1.5968,0.4171,0.008998411,0.022786052,0.9862,2.3887,0.0066,0.0243
KeggDirected,100,10,5000,2.7142856,3.042,1.014,1.5968,0.4171,0.008998411,0.022786052,0.9862,2.3887,0.0066,0.0243
KeggDirected,1000,10,5000,2.7142856,3.042,1.014,1.5968,0.4171,0.008998411,0.022786052,0.9862,2.3887,0.0066,0.0243
KeggDirected,10,10,10000,2.625,2.94,0.972,1.5015,0.3579,0.006540555,0.015438526,1.0288,2.0734,0.0047,0.0181
KeggDirected,100,10,10000,2.625,2.94,0.972,1.5015,0.3579,0.006540555,0.015438526,1.0288,2.0734,0.0047,0.0181
KeggDirected,1000,10,10000,2.625,2.94,0.972,1.5015,0.3579,0.006540555,0.015438526,1.0288,2.0734,0.0047,0.0181
KeggDirected,10,10,50000,2.4,1.5948,0.5268,1.4564,0.2988,0.003296248,0.007234359,1.8983,9.3492,0.0025,0.0099
KeggDirected,100,10,50000,2.4,1.5948,0.5268,1.4564,0.2988,0.003296248,0.007234359,1.8983,9.3492,0.0025,0.0099
KeggDirected,1000,10,50000,2.4,1.5948,0.5268,1.4564,0.2988,0.003296248,0.007234359,1.8983,9.3492,0.0025,0.0099
KeggDirected,10,20,1000,3.2,3.33,1.11,1.7027,0.5893,0.023411282,0.054782922,0.9009,0.677,0.0345,0.1214
KeggDirected,100,20,1000,3.2,3.33,1.11,1.7027,0.5893,0.023411282,0.054782922,0.9009,0.677,0.0345,0.1214
KeggDirected,1000,20,1000,3.2,3.33,1.11,1.7027,0.5893,0.023411282,0.054782922,0.9009,0.677,0.0345,0.1214
KeggDirected,10,20,5000,2.2857144,2.85,0.954,1.5553,0.3905,0.009767148,0.022173604,1.0482,2.886,0.0072,0.0252
KeggDirected,100,20,5000,2.2857144,2.85,0.954,1.5553,0.3905,0.009767148,0.022173604,1.0482,2.886,0.0072,0.0252
KeggDirected,1000,20,5000,2.2857144,2.85,0.954,1.5553,0.3905,0.009767148,0.022173604,1.0482,2.886,0.0072,0.0252
KeggDirected,10,20,10000,2.5,2.997,0.993,1.5208,0.3709,0.007102756,0.014721754,1.007,2.9311,0.0056,0.02
KeggDirected,100,20,10000,2.5,2.997,0.993,1.5208,0.3709,0.007102756,0.014721754,1.007,2.9311,0.0056,0.02
KeggDirected,1000,20,10000,2.5,2.997,0.993,1.5208,0.3709,0.007102756,0.014721754,1.007,2.9311,0.0056,0.02
KeggDirected,10,20,50000,2.6,1.1022,0.3642,1.5614,0.3259,0.001828663,0.014673879,2.7457,21.2175,0.0024,0.0276
KeggDirected,100,20,50000,2.6,1.1022,0.3642,1.5614,0.3259,0.001828663,0.014673879,2.7457,21.2175,0.0024,0.0276
KeggDirected,1000,20,50000,2.6,1.1022,0.3642,1.5614,0.3259,0.001828663,0.014673879,2.7457,21.2175,0.0024,0.0276
KeggUndirect,10,20,65550,2.3636363,2.034324943,0.6677,1.4727,0.2624,4.29E-04,0.002064659,1.4976,6.6947,0.0012,0.0271
KeggUndirect,100,20,65550,2.3636363,2.034324943,0.6677,1.4727,0.2624,4.29E-04,0.002064659,1.4976,6.6947,0.0012,0.0271
KeggUndirect,1000,20,65550,2.3636363,2.034324943,0.6677,1.4727,0.2624,4.29E-04,0.002064659,1.4976,6.6947,0.0012,0.0271
KeggUndirect,10,2,1000,2.2,4.17,1.29,1.4465,0.3526,0.020381723,0.05028055,0.7752,0.5099,0.0398,0.125
KeggUndirect,100,2,1000,2.2,4.17,1.29,1.4465,0.3526,0.020381723,0.05028055,0.7752,0.5099,0.0398,0.125
KeggUndirect,1000,2,1000,2.2,4.17,1.29,1.4465,0.3526,0.020381723,0.05028055,0.7752,0.5099,0.0398,0.125
KeggUndirect,10,2,5000,1.8571428,3,0.516,1.3571,0.3784,0.012716032,0.036552759,1.938,2.3201,0.0208,0.0884
KeggUndirect,100,2,5000,1.8571428,3,0.516,1.3571,0.3784,0.012716032,0.036552759,1.938,2.3201,0.0208,0.0884
KeggUndirect,1000,2,5000,1.8571428,3,0.516,1.3571,0.3784,0.012716032,0.036552759,1.938,2.3201,0.0208,0.0884
KeggUndirect,10,2,10000,1.75,2.538,0.342,1.3114,0.3564,0.009497601,0.032506966,2.924,4.2284,0.0171,0.0768
KeggUndirect,100,2,10000,1.75,2.538,0.342,1.3114,0.3564,0.009497601,0.032506966,2.924,4.2284,0.0171,0.0768
KeggUndirect,1000,2,10000,1.75,2.538,0.342,1.3114,0.3564,0.009497601,0.032506966,2.924,4.2284,0.0171,0.0768
KeggUndirect,10,2,50000,1.6,1.002,0.1104,1.231,0.3379,0.007694787,0.040265128,9.058,18.2073,0.0114,0.0548
KeggUndirect,100,2,50000,1.6,1.002,0.1104,1.231,0.3379,0.007694787,0.040265128,9.058,18.2073,0.0114,0.0548
KeggUndirect,1000,2,50000,1.6,1.002,0.1104,1.231,0.3379,0.007694787,0.040265128,9.058,18.2073,0.0114,0.0548
KeggUndirect,10,10,1000,2.8,2.82,0.96,1.8125,0.6518,0.001512985,0.004163359,1.0417,1.4177,0.0433,0.1794
KeggUndirect,100,10,1000,2.8,2.82,0.96,1.8125,0.6518,0.001512985,0.004163359,1.0417,1.4177,0.0433,0.1794
KeggUndirect,1000,10,1000,2.8,2.82,0.96,1.8125,0.6518,0.001512985,0.004163359,1.0417,1.4177,0.0433,0.1794
KeggUndirect,10,10,5000,2.4285715,2.64,0.876,1.6477,0.3532,0.001105348,0.007907951,1.1416,1.9912,0.009,0.0848
KeggUndirect,100,10,5000,2.4285715,2.64,0.876,1.6477,0.3532,0.001105348,0.007907951,1.1416,1.9912,0.009,0.0848
KeggUndirect,1000,10,5000,2.4285715,2.64,0.876,1.6477,0.3532,0.001105348,0.007907951,1.1416,1.9912,0.009,0.0848
KeggUndirect,10,10,10000,2.75,2.862,0.93,1.629,0.3408,5.42E-04,0.005371896,1.0753,2.1271,0.0043,0.0583
KeggUndirect,100,10,10000,2.75,2.862,0.93,1.629,0.3408,5.42E-04,0.005371896,1.0753,2.1271,0.0043,0.0583
KeggUndirect,1000,10,10000,2.75,2.862,0.93,1.629,0.3408,5.42E-04,0.005371896,1.0753,2.1271,0.0043,0.0583
KeggUndirect,10,10,50000,2.8,1.7796,0.5772,1.5308,0.293,2.38E-04,0.002405177,1.7325,6.1388,0.0015,0.0333
KeggUndirect,100,10,50000,2.8,1.7796,0.5772,1.5308,0.293,2.38E-04,0.002405177,1.7325,6.1388,0.0015,0.0333
KeggUndirect,1000,10,50000,2.8,1.7796,0.5772,1.5308,0.293,2.38E-04,0.002405177,1.7325,6.1388,0.0015,0.0333
KeggUndirect,10,20,1000,2.6,2.64,0.9,1.7333,0.6247,0.002100227,0.004325004,1.1111,1.5145,0.0462,0.1849
KeggUndirect,100,20,1000,2.6,2.64,0.9,1.7333,0.6247,0.002100227,0.004325004,1.1111,1.5145,0.0462,0.1849
KeggUndirect,1000,20,1000,2.6,2.64,0.9,1.7333,0.6247,0.002100227,0.004325004,1.1111,1.5145,0.0462,0.1849
KeggUndirect,10,20,5000,2.5714285,2.664,0.888,1.6931,0.4028,0.001469697,0.007826773,1.1261,1.6435,0.0091,0.0842
KeggUndirect,100,20,5000,2.5714285,2.664,0.888,1.6931,0.4028,0.001469697,0.007826773,1.1261,1.6435,0.0091,0.0842
KeggUndirect,1000,20,5000,2.5714285,2.664,0.888,1.6931,0.4028,0.001469697,0.007826773,1.1261,1.6435,0.0091,0.0842
KeggUndirect,10,20,10000,2.625,2.508,0.828,1.6123,0.3439,9.62E-04,0.005720476,1.2077,2.7984,0.005,0.0618
KeggUndirect,100,20,10000,2.625,2.508,0.828,1.6123,0.3439,9.62E-04,0.005720476,1.2077,2.7984,0.005,0.0618
KeggUndirect,1000,20,10000,2.625,2.508,0.828,1.6123,0.3439,9.62E-04,0.005720476,1.2077,2.7984,0.005,0.0618
KeggUndirect,10,20,50000,2.8,1.8378,0.6042,1.5558,0.2876,5.36E-04,0.002473506,1.6551,5.1929,0.0016,0.0326
KeggUndirect,100,20,50000,2.8,1.8378,0.6042,1.5558,0.2876,5.36E-04,0.002473506,1.6551,5.1929,0.0016,0.0326
KeggUndirect,1000,20,50000,2.8,1.8378,0.6042,1.5558,0.2876,5.36E-04,0.002473506,1.6551,5.1929,0.0016,0.0326
NYC,10,2,3500455,1.6875,1.983127908,0.5897,1.2477,0.1371,4.85E-05,2.37E-04,1.6958,2.5632,0,0.0003
NYC,100,2,3500455,1.6875,1.983127908,0.5897,1.2477,0.1371,4.85E-05,2.37E-04,1.6958,2.5632,0,0.0003
NYC,1000,2,3500455,1.6875,1.983127908,0.5897,1.2477,0.1371,4.85E-05,2.37E-04,1.6958,2.5632,0,0.0003
NYC,10,2,1000,1.8,4.26,1.44,1.4375,0.2934,0.015219676,0.06075605,0.6944,0.157,0.0191,0.0833
NYC,100,2,1000,1.8,4.26,1.44,1.4375,0.2934,0.015219676,0.06075605,0.6944,0.157,0.0191,0.0833
NYC,1000,2,1000,1.8,4.26,1.44,1.4375,0.2934,0.015219676,0.06075605,0.6944,0.157,0.0191,0.0833
NYC,10,2,5000,1.7142857,4.056,1.356,1.3451,0.2075,0.002877883,0.012565065,0.7375,0.1795,0.0035,0.0208
NYC,100,2,5000,1.7142857,4.056,1.356,1.3451,0.2075,0.002877883,0.012565065,0.7375,0.1795,0.0035,0.0208
NYC,1000,2,5000,1.7142857,4.056,1.356,1.3451,0.2075,0.002877883,0.012565065,0.7375,0.1795,0.0035,0.0208
NYC,10,2,10000,1.625,4.683,1.563,1.3452,0.1836,0.001564078,0.009899166,0.6398,0.2278,0.0016,0.0127
NYC,100,2,10000,1.625,4.683,1.563,1.3452,0.1836,0.001564078,0.009899166,0.6398,0.2278,0.0016,0.0127
NYC,1000,2,10000,1.625,4.683,1.563,1.3452,0.1836,0.001564078,0.009899166,0.6398,0.2278,0.0016,0.0127
NYC,10,2,50000,1.8,4.5762,1.5258,1.4044,0.1725,4.26E-04,0.008412641,0.6554,0.2697,0.0004,0.0114
NYC,100,2,50000,1.8,4.5762,1.5258,1.4044,0.1725,4.26E-04,0.008412641,0.6554,0.2697,0.0004,0.0114
NYC,1000,2,50000,1.8,4.5762,1.5258,1.4044,0.1725,4.26E-04,0.008412641,0.6554,0.2697,0.0004,0.0114
NYC,10,2,100000,1.7272727,4.3794,1.4598,1.3786,0.1713,2.34E-04,0.002203827,0.685,0.3255,0.0002,0.0048
NYC,100,2,100000,1.7272727,4.3794,1.4598,1.3786,0.1713,2.34E-04,0.002203827,0.685,0.3255,0.0002,0.0048
NYC,1000,2,100000,1.7272727,4.3794,1.4598,1.3786,0.1713,2.34E-04,0.002203827,0.685,0.3255,0.0002,0.0048
NYC,10,2,500000,1.7142857,3.36096,1.0906,1.245,0.1477,1.04E-04,0.001399333,0.917,0.7649,0.0001,0.0019
NYC,100,2,500000,1.7142857,3.36096,1.0906,1.245,0.1477,1.04E-04,0.001399333,0.917,0.7649,0.0001,0.0019
NYC,1000,2,500000,1.7142857,3.36096,1.0906,1.245,0.1477,1.04E-04,0.001399333,0.917,0.7649,0.0001,0.0019
NYC,10,2,1000000,1.7333333,2.72919,0.8617,1.2217,0.1448,8.03E-05,5.67E-04,1.1604,1.2947,0.0001,0.0007
NYC,100,2,1000000,1.7333333,2.72919,0.8617,1.2217,0.1448,8.03E-05,5.67E-04,1.1604,1.2947,0.0001,0.0007
NYC,1000,2,1000000,1.7333333,2.72919,0.8617,1.2217,0.1448,8.03E-05,5.67E-04,1.1604,1.2947,0.0001,0.0007
Shuttle,10,10,14500,3,0.188275862,0.0641,1.6815,0.8137,0.013902833,0.028850218,15.5914,63.2506,0.0591,0.19
Shuttle,100,10,14500,3,0.188275862,0.0641,1.6815,0.8137,0.013902833,0.028850218,15.5914,63.2506,0.0591,0.19
Shuttle,1000,10,14500,3,0.188275862,0.0641,1.6815,0.8137,0.013902833,0.028850218,15.5914,63.2506,0.0591,0.19
Shuttle,10,2,1000,2.6,4.17,1.35,1.6044,0.4685,0.001061086,0.001001174,0.7407,1.0865,0.0243,0.1472
Shuttle,100,2,1000,2.6,4.17,1.35,1.6044,0.4685,0.001061086,0.001001174,0.7407,1.0865,0.0243,0.1472
Shuttle,1000,2,1000,2.6,4.17,1.35,1.6044,0.4685,0.001061086,0.001001174,0.7407,1.0865,0.0243,0.1472
Shuttle,10,2,5000,2.4285715,2.028,0.648,1.7209,0.3639,0.004106123,0.029053201,1.5432,3.6549,0.0122,0.0792
Shuttle,100,2,5000,2.4285715,2.028,0.648,1.7209,0.3639,0.004106123,0.029053201,1.5432,3.6549,0.0122,0.0792
Shuttle,1000,2,5000,2.4285715,2.028,0.648,1.7209,0.3639,0.004106123,0.029053201,1.5432,3.6549,0.0122,0.0792
Shuttle,10,2,10000,2.25,0.909,0.291,1.616,0.4153,0.006950226,0.044441778,3.4364,8.2782,0.0161,0.0824
Shuttle,100,2,10000,2.25,0.909,0.291,1.616,0.4153,0.006950226,0.044441778,3.4364,8.2782,0.0161,0.0824
Shuttle,1000,2,10000,2.25,0.909,0.291,1.616,0.4153,0.006950226,0.044441778,3.4364,8.2782,0.0161,0.0824
Shuttle,10,10,1000,3.2,2.91,0.99,1.8848,0.7033,0.002017646,0.001465545,1.0101,1.2781,0.0385,0.1722
Shuttle,100,10,1000,3.2,2.91,0.99,1.8848,0.7033,0.002017646,0.001465545,1.0101,1.2781,0.0385,0.1722
Shuttle,1000,10,1000,3.2,2.91,0.99,1.8848,0.7033,0.002017646,0.001465545,1.0101,1.2781,0.0385,0.1722
Shuttle,10,10,5000,3.4285715,1.248,0.42,2.0265,0.6732,0.004298266,0.013444908,2.381,3.5961,0.0224,0.1205
Shuttle,100,10,5000,3.4285715,1.248,0.42,2.0265,0.6732,0.004298266,0.013444908,2.381,3.5961,0.0224,0.1205
Shuttle,1000,10,5000,3.4285715,1.248,0.42,2.0265,0.6732,0.004298266,0.013444908,2.381,3.5961,0.0224,0.1205
Shuttle,10,10,10000,2.75,0.831,0.279,1.75,0.4976,0.006199321,0.022595626,3.5842,10.4172,0.0191,0.1068
Shuttle,100,10,10000,2.75,0.831,0.279,1.75,0.4976,0.006199321,0.022595626,3.5842,10.4172,0.0191,0.1068
Shuttle,1000,10,10000,2.75,0.831,0.279,1.75,0.4976,0.006199321,0.022595626,3.5842,10.4172,0.0191,0.1068
Skin,10,4,245057,2,2.529452331,0.8178,1.3186,0.2265,0.017948392,0.021891575,1.2228,3.7069,0.0148,0.023
Skin,100,4,245057,2,2.529452331,0.8178,1.3186,0.2265,0.017948392,0.021891575,1.2228,3.7069,0.0148,0.023
Skin,1000,4,245057,2,2.529452331,0.8178,1.3186,0.2265,0.017948392,0.021891575,1.2228,3.7069,0.0148,0.023
Skin,10,2,1000,2,5.79,1.95,1.4431,0.3569,0.013235314,0.021032944,0.5128,0.2703,0.017,0.0238
Skin,100,2,1000,2,5.79,1.95,1.4431,0.3569,0.013235314,0.021032944,0.5128,0.2703,0.017,0.0238
Skin,1000,2,1000,2,5.79,1.95,1.4431,0.3569,0.013235314,0.021032944,0.5128,0.2703,0.017,0.0238
Skin,10,2,5000,2,4.584,1.404,1.3529,0.3018,0.013556837,0.017463484,0.7123,0.4601,0.0123,0.0137
Skin,100,2,5000,2,4.584,1.404,1.3529,0.3018,0.013556837,0.017463484,0.7123,0.4601,0.0123,0.0137
Skin,1000,2,5000,2,4.584,1.404,1.3529,0.3018,0.013556837,0.017463484,0.7123,0.4601,0.0123,0.0137
Skin,10,2,10000,2,4.47,1.434,1.2887,0.2459,0.011761948,0.012007233,0.6974,0.4167,0.0107,0.0131
Skin,100,2,10000,2,4.47,1.434,1.2887,0.2459,0.011761948,0.012007233,0.6974,0.4167,0.0107,0.0131
Skin,1000,2,10000,2,4.47,1.434,1.2887,0.2459,0.011761948,0.012007233,0.6974,0.4167,0.0107,0.0131
Skin,10,2,50000,1.7,4.509,1.3326,1.2567,0.1865,0.005144906,0.007399454,0.7504,0.5206,0.0065,0.0064
Skin,100,2,50000,1.7,4.509,1.3326,1.2567,0.1865,0.005144906,0.007399454,0.7504,0.5206,0.0065,0.0064
Skin,1000,2,50000,1.7,4.509,1.3326,1.2567,0.1865,0.005144906,0.007399454,0.7504,0.5206,0.0065,0.0064
Skin,10,2,100000,1.7272727,3.6282,1.0608,1.2619,0.1894,0.005944639,0.010997996,0.9427,1.752,0.0067,0.0123
Skin,100,2,100000,1.7272727,3.6282,1.0608,1.2619,0.1894,0.005944639,0.010997996,0.9427,1.752,0.0067,0.0123
Skin,1000,2,100000,1.7272727,3.6282,1.0608,1.2619,0.1894,0.005944639,0.010997996,0.9427,1.752,0.0067,0.0123
Spam,10,57,4601,2.857143,2.353836123,0.789,1.6907,0.4812,0.009128201,0.045900837,1.2675,1.967,0.0101,0.0631
Spam,100,57,4601,2.857143,2.353836123,0.789,1.6907,0.4812,0.009128201,0.045900837,1.2675,1.967,0.0101,0.0631
Spam,1000,57,4601,2.857143,2.353836123,0.789,1.6907,0.4812,0.009128201,0.045900837,1.2675,1.967,0.0101,0.0631
Spam,10,2,1000,2.2,2.7,0.9,1.2533,0.3757,0.06566351,0.075966799,1.1111,2.9522,0.0737,0.1319
Spam,100,2,1000,2.2,2.7,0.9,1.2533,0.3757,0.06566351,0.075966799,1.1111,2.9522,0.0737,0.1319
Spam,1000,2,1000,2.2,2.7,0.9,1.2533,0.3757,0.06566351,0.075966799,1.1111,2.9522,0.0737,0.1319
Spam,10,10,1000,2.6,4.62,1.56,1.7769,0.4894,0.035407782,0.022519603,0.641,0.7319,0.0454,0.138
Spam,100,10,1000,2.6,4.62,1.56,1.7769,0.4894,0.035407782,0.022519603,0.641,0.7319,0.0454,0.138
Spam,1000,10,1000,2.6,4.62,1.56,1.7769,0.4894,0.035407782,0.022519603,0.641,0.7319,0.0454,0.138
Spam,10,20,1000,3,3.54,1.2,1.855,0.687,0.076337372,0.046869961,0.8333,1.1918,0.0753,0.1561
Spam,100,20,1000,3,3.54,1.2,1.855,0.687,0.076337372,0.046869961,0.8333,1.1918,0.0753,0.1561
Spam,1000,20,1000,3,3.54,1.2,1.855,0.687,0.076337372,0.046869961,0.8333,1.1918,0.0753,0.1561
Spam,10,30,1000,3.6,3.72,1.26,1.9762,0.8295,0.090097517,0.058748787,0.7937,1.0234,0.0925,0.1647
Spam,100,30,1000,3.6,3.72,1.26,1.9762,0.8295,0.090097517,0.058748787,0.7937,1.0234,0.0925,0.1647
Spam,1000,30,1000,3.6,3.72,1.26,1.9762,0.8295,0.090097517,0.058748787,0.7937,1.0234,0.0925,0.1647
Spam,10,40,1000,3.6,3.9,1.32,1.95,0.791,0.080765491,0.062948674,0.7576,1.3218,0.0965,0.1602
Spam,100,40,1000,3.6,3.9,1.32,1.95,0.791,0.080765491,0.062948674,0.7576,1.3218,0.0965,0.1602
Spam,1000,40,1000,3.6,3.9,1.32,1.95,0.791,0.080765491,0.062948674,0.7576,1.3218,0.0965,0.1602
Spam,10,50,1000,3.4,4.17,1.41,2.0213,0.7885,0.08183263,0.05787253,0.7092,1.0611,0.0903,0.1536
Spam,100,50,1000,3.4,4.17,1.41,2.0213,0.7885,0.08183263,0.05787253,0.7092,1.0611,0.0903,0.1536
Spam,1000,50,1000,3.4,4.17,1.41,2.0213,0.7885,0.08183263,0.05787253,0.7092,1.0611,0.0903,0.1536
Spatial,10,3,434874,1.8461539,4.477365858,1.4925,1.2649,0.1467,0.001044895,7.52E-04,0.67,0.3751,0.0007,0.0008
Spatial,100,3,434874,1.8461539,4.477365858,1.4925,1.2649,0.1467,0.001044895,7.52E-04,0.67,0.3751,0.0007,0.0008
Spatial,1000,3,434874,1.8461539,4.477365858,1.4925,1.2649,0.1467,0.001044895,7.52E-04,0.67,0.3751,0.0007,0.0008
Spatial,10,2,1000,2,4.98,1.68,1.3321,0.3077,0.010639123,0.015035018,0.5952,0.2825,0.022,0.028
Spatial,100,2,1000,2,4.98,1.68,1.3321,0.3077,0.010639123,0.015035018,0.5952,0.2825,0.022,0.028
Spatial,1000,2,1000,2,4.98,1.68,1.3321,0.3077,0.010639123,0.015035018,0.5952,0.2825,0.022,0.028
Spatial,10,2,5000,2,5.064,1.692,1.3521,0.2783,0.009240417,0.017457189,0.591,0.2851,0.0168,0.0327
Spatial,100,2,5000,2,5.064,1.692,1.3521,0.2783,0.009240417,0.017457189,0.591,0.2851,0.0168,0.0327
Spatial,1000,2,5000,2,5.064,1.692,1.3521,0.2783,0.009240417,0.017457189,0.591,0.2851,0.0168,0.0327
Spatial,10,2,10000,1.875,5.097,1.701,1.3472,0.2507,0.006197556,0.00975586,0.5879,0.2787,0.0133,0.0272
Spatial,100,2,10000,1.875,5.097,1.701,1.3472,0.2507,0.006197556,0.00975586,0.5879,0.2787,0.0133,0.0272
Spatial,1000,2,10000,1.875,5.097,1.701,1.3472,0.2507,0.006197556,0.00975586,0.5879,0.2787,0.0133,0.0272
Spatial,10,2,50000,1.8,4.7742,1.5918,1.2762,0.1988,0.004556798,0.004651355,0.6282,0.3347,0.0054,0.007
Spatial,100,2,50000,1.8,4.7742,1.5918,1.2762,0.1988,0.004556798,0.004651355,0.6282,0.3347,0.0054,0.007
Spatial,1000,2,50000,1.8,4.7742,1.5918,1.2762,0.1988,0.004556798,0.004651355,0.6282,0.3347,0.0054,0.007
Spatial,10,2,100000,1.9090909,4.746,1.5822,1.2535,0.1869,0.003832285,0.003628647,0.632,0.3127,0.0041,0.005
Spatial,100,2,100000,1.9090909,4.746,1.5822,1.2535,0.1869,0.003832285,0.003628647,0.632,0.3127,0.0041,0.005
Spatial,1000,2,100000,1.9090909,4.746,1.5822,1.2535,0.1869,0.003832285,0.003628647,0.632,0.3127,0.0041,0.005